time,lux
0.084,15.82
0.184,16.77
0.285,16.77
0.386,15.82
0.486,16.77
0.587,18.49
0.687,17.47
0.788,17.47
0.891,17.47
0.990,18.49
1.085,18.49
1.187,18.49
1.290,18.49
1.390,19.02
1.490,19.02
1.589,19.02
1.691,19.02
1.788,19.02
1.890,18.49
1.988,19.02
2.083,19.02
2.189,19.02
2.289,19.02
2.391,19.02
2.491,20.32
2.588,19.02
2.689,20.32
2.788,19.02
2.888,20.32
2.988,20.10
3.089,20.10
3.186,19.02
3.289,20.10
3.389,19.02
3.487,20.10
3.588,19.02
3.688,19.23
3.785,19.23
3.892,19.23
3.988,19.02
4.088,20.32
4.185,19.23
4.288,20.32
4.389,19.02
4.489,20.32
4.589,19.02
4.687,20.10
4.790,20.10
4.886,20.10
4.989,20.10
5.088,20.10
5.188,19.02
5.288,20.32
5.390,19.02
5.488,20.10
5.588,19.02
5.687,20.10
5.787,19.02
5.887,19.02
5.987,19.02
6.087,19.02
6.189,19.02
6.286,19.02
6.386,19.02
6.487,19.02
6.587,19.02
6.688,19.02
6.787,19.02
6.886,19.02
6.989,18.49
7.085,18.49
7.184,18.49
7.289,18.49
7.387,18.49
7.488,18.49
7.586,18.49
7.688,18.49
7.788,18.49
7.888,18.49
7.980,18.49
8.083,18.49
8.189,18.49
8.287,18.49
8.384,18.49
8.487,18.49
8.587,18.49
8.687,18.49
8.788,18.49
8.887,18.49
8.988,18.49
9.087,18.49
9.187,18.49
9.287,18.49
9.381,18.49
9.487,18.49
9.587,18.49
9.687,18.49
9.787,18.49
9.886,18.49
9.988,19.02
10.086,18.49
10.186,18.49
10.287,18.49
10.387,18.49
10.486,18.49
10.586,18.49
10.687,17.27
10.787,13.77
10.886,8.93
10.987,7.20
11.086,6.20
11.188,6.20
11.287,5.38
11.386,6.10
11.484,6.98
11.586,6.98
11.686,7.09
11.786,8.07
11.886,8.07
11.989,8.07
12.086,7.77
12.186,7.20
12.286,7.09
12.386,7.77
12.487,7.20
12.585,7.20
12.687,7.20
12.785,7.20
12.887,7.20
12.988,7.20
13.086,7.20
13.187,7.20
13.288,7.20
13.386,7.09
13.486,7.09
13.584,7.09
13.687,7.20
13.786,7.20
13.887,7.20
13.987,7.09
14.087,7.09
14.186,7.09
14.286,7.20
14.386,7.20
14.486,7.20
14.589,7.20
14.685,7.20
14.786,7.20
14.888,7.48
14.986,7.20
15.086,7.20
15.187,7.20
15.287,7.20
15.386,7.20
15.487,7.20
15.585,7.20
15.687,7.20
15.785,7.20
15.887,7.09
15.986,7.09
16.085,7.09
16.187,7.09
16.286,7.09
16.386,7.09
16.487,7.09
16.587,7.09
16.686,7.09
16.787,7.09
16.885,7.20
16.986,7.09
17.086,7.09
17.186,7.09
17.287,7.09
17.385,7.20
17.486,7.09
17.585,7.09
17.684,7.09
17.788,7.09
17.886,7.09
17.986,7.09
18.087,7.09
18.187,7.09
18.285,7.09
18.386,7.09
18.487,7.09
18.586,7.09
18.687,7.09
18.787,7.09
18.886,7.09
18.986,7.09
19.087,7.09
19.186,7.09
19.287,7.09
19.385,7.09
19.487,7.09
19.586,7.09
19.686,7.09
19.786,7.20
19.885,7.09
19.984,7.09
20.085,7.09
20.186,7.09
20.286,7.09
20.387,7.09
20.486,7.09
20.586,7.09
20.686,10.06
20.785,15.46
20.885,22.27
20.985,30.09
21.086,49.45
21.185,72.08
21.286,81.77
21.386,99.11
21.486,104.64
21.586,111.04
21.687,117.00
21.786,115.19
21.884,114.51
21.986,114.51
22.087,111.04
22.186,108.64
22.286,108.64
22.387,104.64
22.485,104.64
22.585,104.64
22.686,104.64
22.786,104.64
22.886,108.64
22.986,110.37
23.085,104.64
23.187,104.64
23.286,102.97
23.386,104.64
23.486,102.97
23.585,104.64
23.684,104.64
23.787,102.97
23.886,104.64
23.986,102.97
24.086,99.73
24.186,102.97
24.287,105.28
24.386,104.64
24.485,104.64
24.587,105.28
24.686,105.28
24.786,104.64
24.885,104.64
24.985,104.64
25.086,108.64
25.185,105.28
25.284,105.28
25.387,105.28
25.485,105.28
25.585,105.28
25.687,104.64
25.785,104.64
25.886,104.64
25.986,105.28
26.080,105.28
26.189,102.97
26.284,105.28
26.386,105.28
26.485,105.28
26.584,105.28
26.685,105.28
26.786,108.64
26.886,108.64
26.984,102.97
27.085,102.97
27.185,102.97
27.283,104.64
27.386,102.97
27.485,102.97
27.585,104.64
27.685,104.64
27.785,104.64
27.886,105.28
27.985,102.97
28.084,105.28
28.184,104.64
28.284,104.64
28.381,105.28
28.486,108.64
28.584,108.64
28.684,108.64
28.786,105.28
28.884,105.28
28.985,104.64
29.083,104.64
29.184,108.64
29.284,108.64
29.385,104.64
29.484,108.64
29.583,108.64
29.685,108.64
29.784,105.28
29.885,104.64
29.984,108.64
30.084,110.37
30.183,114.51
30.284,120.59
30.382,169.62
30.484,226.50
30.583,255.22
30.682,300.81
30.785,308.86
30.883,321.94
30.984,355.18
31.084,355.18
31.184,344.04
31.283,321.94
31.384,321.94
31.485,318.40
31.583,317.05
31.682,321.94
31.784,317.05
31.883,320.59
31.984,320.59
32.084,321.94
32.184,317.05
32.283,321.94
32.385,317.05
32.483,317.05
32.584,317.05
32.685,317.05
32.783,320.59
32.882,320.59
32.978,321.94
33.087,321.94
33.183,320.59
33.284,321.94
33.384,321.94
33.485,320.59
33.583,317.05
33.682,321.94
33.782,320.59
33.884,321.94
33.981,321.94
34.083,321.94
34.182,317.05
34.281,321.94
34.385,317.05
34.483,321.94
34.580,321.94
34.684,321.94
34.784,317.05
34.883,321.94
34.981,321.94
35.084,321.94
35.182,321.94
35.283,317.05
35.383,320.59
35.481,321.94
35.583,321.94
35.683,321.94
35.781,317.05
35.883,318.40
35.982,321.94
36.081,321.94
36.181,321.94
36.284,321.94
36.382,321.94
36.483,321.94
36.583,328.98
36.682,320.59
36.782,321.94
36.883,318.40
36.982,320.59
37.082,321.94
37.182,317.05
37.281,321.94
37.377,321.94
37.484,321.94
37.582,321.94
37.681,321.94
37.784,317.05
37.881,321.94
37.980,321.94
38.081,318.40
38.175,317.05
38.279,317.05
38.383,321.94
38.481,317.05
38.580,318.40
38.680,321.94
38.781,321.94
38.881,321.94
38.983,320.59
39.077,317.05
39.181,320.59
39.280,320.59
39.382,317.05
39.480,321.94
39.580,321.94
39.681,317.05
39.778,321.94
39.879,407.51
39.980,452.45
40.081,439.34
40.181,525.20
40.279,466.47
40.382,461.93
40.479,466.47
40.581,466.47
40.679,466.47
40.783,466.47
40.880,466.47
40.983,466.47
41.080,466.47
41.181,466.47
41.281,466.47
41.383,466.47
41.479,466.47
41.581,461.93
41.679,466.47
41.779,466.47
41.880,466.47
41.981,466.47
42.081,461.93
42.180,461.93
42.281,466.47
42.378,466.47
42.480,466.47
42.581,461.93
42.680,461.93
42.780,461.93
42.880,461.93
42.979,461.93
43.079,461.93
43.182,461.93
43.278,461.93
43.381,466.47
43.478,461.93
43.580,466.47
43.678,461.93
43.780,466.47
43.878,466.47
43.981,461.93
44.079,461.93
44.182,461.93
44.279,461.93
44.379,461.93
44.479,466.47
44.575,466.47
44.681,466.47
44.771,466.47
44.880,466.47
44.980,461.93
45.077,466.47
45.179,466.47
45.280,461.93
45.369,460.20
45.480,466.47
45.577,466.47
45.680,466.47
45.771,466.47
45.881,466.47
45.979,461.93
46.073,466.47
46.174,466.47
46.277,461.93
46.380,466.47
46.478,461.93
46.577,461.93
46.680,461.93
46.770,461.93
46.880,466.47
46.971,461.93
47.079,466.47
47.175,466.47
47.277,461.93
47.377,466.47
47.478,461.93
47.573,461.93
47.680,475.47
47.770,466.47
47.879,466.47
47.972,466.47
48.077,466.47
48.176,466.47
48.279,466.47
48.373,466.47
48.478,466.47
48.570,466.47
48.681,466.47
48.768,466.47
48.882,466.47
48.966,466.47
49.080,461.93
49.176,466.47
49.272,466.47
49.376,466.47
49.479,466.47
49.573,466.47
49.673,466.47
49.770,466.47
49.879,466.47
49.978,461.93
50.075,466.47
50.172,466.47
50.274,466.47
50.373,466.47
50.477,466.47
50.576,466.47
50.677,466.47
50.770,481.88
50.876,543.79
50.971,582.29
51.076,631.34
51.174,665.81
51.272,660.05
51.373,627.90
51.478,622.36
51.572,622.36
51.677,622.36
51.769,622.36
51.879,622.36
51.976,622.36
52.078,622.36
52.173,622.36
52.277,622.36
52.376,622.36
52.477,622.36
52.569,627.90
52.679,627.90
52.774,622.36
52.877,622.36
52.974,622.36
53.075,622.36
53.170,622.36
53.272,627.90
53.372,622.36
53.475,627.90
53.576,622.36
53.678,622.36
53.774,622.36
53.878,627.90
53.975,627.90
54.076,622.36
54.174,622.36
54.276,622.36
54.373,622.36
54.476,622.36
54.575,622.36
54.677,622.36
54.768,622.36
54.878,622.36
54.975,622.36
55.074,622.36
55.176,627.90
55.271,622.36
55.376,622.36
55.477,622.36
55.571,622.36
55.678,622.36
55.768,622.36
55.879,622.36
55.975,622.36
56.076,622.36
56.177,622.36
56.277,627.90
56.380,627.90
56.477,627.90
56.571,627.90
56.683,627.90
56.772,627.90
56.879,622.36
56.977,622.36
57.075,627.90
57.166,627.90
57.274,627.90
57.370,622.36
57.472,627.90
57.576,622.36
57.676,622.36
57.770,622.36
57.877,622.36
57.974,622.36
58.077,622.36
58.173,627.90
58.277,627.90
58.376,627.90
58.477,627.90
58.570,627.90
58.677,622.36
58.763,622.36
58.878,627.90
58.974,627.90
59.076,622.36
59.175,622.36
59.275,648.83
59.370,721.71
59.476,759.36
59.570,715.63
59.677,747.04
59.765,780.65
59.877,726.37
59.970,724.03
60.076,717.94
60.171,726.37
60.273,724.03
60.367,724.03
60.479,726.37
60.572,726.37
60.677,738.45
60.765,726.37
60.877,738.45
60.970,724.03
61.074,726.37
61.173,726.37
61.273,724.03
61.375,724.03
61.475,726.37
61.568,726.37
61.678,726.37
61.764,738.45
61.876,738.45
61.974,726.37
62.075,726.37
62.175,726.37
62.273,726.37
62.375,738.45
62.475,726.37
62.572,726.37
62.677,726.37
62.769,726.37
62.875,726.37
62.979,726.37
63.075,726.37
63.176,738.45
63.273,726.37
63.376,726.37
63.475,726.37
63.574,726.37
63.676,726.37
63.764,726.37
63.878,724.03
63.965,726.37
64.076,724.03
64.168,726.37
64.270,726.37
64.375,726.37
64.475,726.37
64.573,724.03
64.675,738.45
64.767,726.37
64.875,726.37
64.975,738.45
65.074,726.37
65.171,726.37
65.273,724.03
65.374,724.03
65.475,726.37
65.570,724.03
65.670,724.03
65.766,726.37
65.876,726.37
65.972,726.37
66.074,738.45
66.171,726.37
66.274,726.37
66.370,726.37
66.476,726.37
66.570,738.45
66.674,726.37
66.768,738.45
66.873,724.03
66.971,738.45
67.073,726.37
67.170,726.37
67.271,738.45
67.371,738.45
67.474,726.37
67.573,726.37
67.674,738.45
67.763,726.37
67.873,726.37
67.972,726.37
68.073,726.37
68.169,738.45
68.272,738.45
68.369,738.45
68.473,726.37
68.569,738.45
68.672,738.45
68.765,726.37
68.873,726.37
68.974,726.37
69.072,738.45
69.168,738.45
69.269,738.45
69.371,726.37
69.471,738.45
69.570,726.37
69.670,738.45
69.765,738.45
69.870,726.37
69.965,738.45
70.069,738.45
70.168,738.45
70.267,738.45
70.369,738.45
70.471,738.45
70.568,783.10
70.671,826.96
70.763,829.51
70.871,849.50
70.966,811.41
71.069,811.41
71.168,804.83
71.268,804.83
71.367,804.83
71.470,804.83
71.568,804.83
71.671,804.83
71.765,804.83
71.870,804.83
71.967,804.83
72.069,804.83
72.167,804.83
72.267,804.83
72.366,804.83
72.470,804.83
72.566,804.83
72.670,804.83
72.765,804.83
72.872,804.83
72.970,804.83
73.068,804.83
73.167,804.83
73.268,804.83
73.367,804.83
73.471,804.83
73.567,804.83
73.670,804.83
73.760,804.83
73.871,804.83
73.969,804.83
74.070,804.83
74.164,804.83
74.268,804.83
74.369,804.83
74.470,804.83
74.565,804.83
74.670,804.83
74.760,804.83
74.870,804.83
74.966,804.83
75.068,804.83
75.160,804.83
75.269,804.83
75.365,804.83
75.470,804.83
75.567,804.83
75.670,804.83
75.764,804.83
75.869,804.83
75.966,804.83
76.070,804.83
76.159,804.83
76.266,804.83
76.371,804.83
76.469,804.83
76.569,804.83
76.669,804.83
76.766,804.83
76.869,804.83
76.966,804.83
77.070,804.83
77.168,804.83
77.265,804.83
77.368,804.83
77.469,804.83
77.568,804.83
77.670,804.83
77.766,804.83
77.869,804.83
77.969,804.83
78.068,804.83
78.168,804.83
78.267,804.83
78.369,811.41
78.467,804.83
78.567,804.83
78.669,804.83
78.761,804.83
78.870,804.83
78.969,804.83
79.068,804.83
79.167,804.83
79.267,804.83
79.370,804.83
79.468,804.83
79.563,804.83
79.668,804.83
79.761,811.41
79.868,902.84
79.964,893.10
80.067,893.10
80.165,902.84
80.264,965.49
80.368,926.73
80.468,923.98
80.564,923.98
80.669,923.98
80.764,923.98
80.869,923.98
80.969,923.98
81.068,923.98
81.166,923.98
81.269,923.98
81.365,923.98
81.472,923.98
81.568,923.98
81.670,923.98
81.764,923.98
81.870,923.98
81.969,923.98
82.068,923.98
82.169,923.98
82.266,923.98
82.369,923.98
82.472,923.98
82.568,923.98
82.672,923.98
82.764,923.98
82.871,923.98
82.965,923.98
83.071,923.98
83.165,923.98
83.269,923.98
83.368,923.98
83.471,923.98
83.567,923.98
83.670,923.98
83.765,923.98
83.871,923.98
83.964,923.98
84.071,923.98
84.166,923.98
84.260,923.98
84.369,923.98
84.470,923.98
84.566,923.98
84.671,923.98
84.760,923.98
84.873,923.98
84.967,923.98
85.070,923.98
85.167,923.98
85.267,923.98
85.371,923.98
85.471,923.98
85.564,923.98
85.668,923.98
85.759,923.98
85.873,923.98
85.965,923.98
86.071,923.98
86.171,923.98
86.271,923.98
86.367,923.98
86.472,923.98
86.567,923.98
86.672,923.98
86.759,923.98
86.873,923.98
86.972,923.98
87.071,923.98
87.171,923.98
87.266,923.98
87.368,923.98
87.472,923.98
87.563,923.98
87.665,923.98
87.762,923.98
87.873,923.98
87.967,923.98
88.071,923.98
88.170,923.98
88.270,923.98
88.368,923.98
88.471,923.98
88.569,923.98
88.673,923.98
88.760,923.98
88.876,923.98
88.962,923.98
89.075,923.98
89.165,923.98
89.267,923.98
89.369,923.98
89.473,923.98
89.566,923.98
89.672,923.98
89.759,923.98
89.875,923.98
89.969,923.98
90.072,1000.90
90.164,1052.48
90.268,1060.35
90.369,1049.50
90.470,1057.34
90.564,1057.34
90.674,1083.87
90.758,1057.34
90.874,1031.25
90.969,1031.25
91.072,1049.50
91.167,1046.52
91.265,1057.34
91.369,1057.34
91.472,1057.34
91.566,1057.34
91.673,1057.34
91.760,1057.34
91.873,1057.34
91.967,1046.52
92.070,1057.34
92.163,1049.50
92.265,1054.35
92.365,1046.52
92.471,1057.34
92.567,1049.50
92.670,1049.50
92.759,1049.50
92.873,1049.50
92.970,1057.34
93.068,1057.34
93.169,1049.50
93.262,1057.34
93.366,1057.34
93.470,1057.34
93.565,1046.52
93.667,1057.34
93.762,1049.50
93.870,1049.50
93.967,1057.34
94.068,1057.34
94.165,1049.50
94.265,1057.34
94.367,1057.34
94.469,1049.50
94.561,1049.50
94.671,1057.34
94.759,1049.50
94.869,1049.50
94.970,1049.50
95.070,1049.50
95.166,1057.34
95.266,1049.50
95.360,1057.34
95.470,1057.34
95.564,1057.34
95.669,1049.50
95.758,1049.50
95.869,1049.50
95.967,1049.50
96.067,1049.50
96.164,1057.34
96.264,1049.50
96.364,1049.50
96.469,1049.50
96.558,1057.34
96.668,1057.34
96.755,1049.50
96.868,1057.34
96.962,1057.34
97.068,1049.50
97.163,1049.50
97.261,1049.50
97.361,1049.50
97.468,1057.34
97.559,1057.34
97.668,1049.50
97.757,1057.34
97.864,1049.50
97.957,1049.50
98.068,1057.34
98.158,1057.34
98.259,1057.34
98.359,1049.50
98.468,1057.34
98.558,1049.50
98.667,1049.50
98.757,1049.50
98.867,1057.34
98.963,1049.50
99.064,1057.34
99.163,1057.34
99.263,1049.50
99.355,1049.50
99.466,1049.50
99.561,1049.50
99.666,1049.50
99.759,1057.34
99.866,1049.50
99.963,1049.50
100.062,1049.50
100.162,1057.34
100.259,1146.52
100.362,1194.40
100.464,1194.40
100.560,1191.15
100.665,1174.51
100.756,1174.51
100.861,1174.51
100.960,1174.51
101.061,1174.51
101.148,1174.51
101.259,1174.51
101.363,1174.51
101.461,1174.51
101.559,1174.51
101.659,1174.51
101.749,1174.51
101.853,1174.51
101.951,1174.51
102.049,1174.51
102.166,1174.51
102.266,1174.51
102.364,1174.51
102.463,1174.51
102.562,1174.51
102.665,1174.51
102.759,1174.51
102.865,1174.51
102.960,1174.51
103.063,1174.51
103.161,1174.51
103.262,1174.51
103.360,1174.51
103.465,1174.51
103.559,1174.51
103.664,1174.51
103.757,1174.51
103.865,1174.51
103.962,1174.51
104.062,1174.51
104.163,1174.51
104.262,1174.51
104.361,1174.51
104.464,1174.51
104.562,1174.51
104.664,1174.51
104.759,1174.51
104.864,1174.51
104.962,1174.51
105.061,1174.51
105.162,1174.51
105.261,1174.51
105.360,1174.51
105.464,1174.51
105.562,1174.51
105.661,1174.51
105.757,1174.51
105.864,1174.51
105.959,1174.51
106.062,1174.51
106.160,1174.51
106.258,1174.51
106.360,1174.51
106.464,1174.51
106.561,1174.51
106.663,1174.51
106.754,1174.51
106.863,1174.51
106.961,1174.51
107.058,1174.51
107.157,1174.51
107.257,1174.51
107.362,1174.51
107.462,1174.51
107.561,1174.51
107.663,1174.51
107.755,1174.51
107.869,1174.51
107.960,1174.51
108.061,1174.51
108.161,1174.51
108.262,1174.51
108.358,1174.51
108.463,1174.51
108.557,1174.51
108.664,1174.51
108.757,1174.51
108.863,1174.51
108.962,1174.51
109.061,1174.51
109.156,1174.51
109.258,1174.51
109.358,1174.51
109.462,1174.51
109.552,1174.51
109.664,1174.51
109.756,1174.51
109.864,1174.51
109.958,1174.51
110.062,1174.51
110.159,1174.51
110.260,1174.51
110.360,1174.51
110.461,1174.51
110.559,1249.03
110.662,1291.03
110.756,1339.31
110.863,1348.54
110.960,1348.54
111.061,1348.54
111.156,1348.54
111.259,1348.54
111.363,1348.54
111.463,1348.54
111.559,1348.54
111.663,1348.54
111.759,1348.54
111.862,1348.54
111.958,1348.54
112.063,1348.54
112.161,1348.54
112.256,1348.54
112.358,1348.54
112.464,1348.54
112.553,1348.54
112.665,1348.54
112.758,1348.54
112.864,1348.54
112.959,1348.54
113.062,1348.54
113.163,1348.54
113.260,1348.54
113.356,1348.54
113.466,1348.54
113.559,1348.54
113.664,1348.54
113.756,1348.54
113.864,1348.54
113.956,1348.54
114.067,1348.54
114.158,1348.54
114.258,1348.54
114.360,1348.54
114.465,1348.54
114.561,1348.54
114.666,1348.54
114.754,1348.54
114.867,1348.54
114.959,1348.54
115.066,1348.54
115.159,1348.54
115.260,1348.54
115.364,1348.54
115.464,1348.54
115.562,1348.54
115.664,1348.54
115.750,1348.54
115.868,1348.54
115.961,1348.54
116.064,1348.54
116.162,1348.54
116.260,1348.54
116.363,1348.54
116.463,1348.54
116.558,1348.54
116.665,1348.54
116.753,1348.54
116.868,1348.54
116.956,1348.54
117.067,1348.54
117.159,1348.54
117.262,1348.54
117.362,1348.54
117.467,1348.54
117.561,1348.54
117.666,1348.54
117.754,1348.54
117.869,1348.54
117.961,1348.54
118.066,1348.54
118.163,1348.54
118.264,1348.54
118.362,1348.54
118.465,1348.54
118.561,1348.54
118.666,1348.54
118.753,1348.54
118.868,1348.54
118.961,1348.54
119.066,1348.54
119.162,1348.54
119.264,1348.54
119.365,1348.54
119.465,1348.54
119.560,1348.54
119.666,1348.54
119.752,1348.54
119.868,1348.54
119.960,1348.54
120.065,1443.50
120.161,1476.12
120.255,1485.96
120.362,1485.96
120.464,1485.96
120.559,1485.96
120.666,1485.96
120.753,1485.96
120.866,1485.96
120.965,1485.96
121.064,1485.96
121.165,1485.96
121.258,1485.96
121.366,1485.96
121.466,1485.96
121.556,1485.96
121.667,1485.96
121.750,1485.96
121.867,1485.96
121.961,1485.96
122.065,1485.96
122.161,1485.96
122.261,1485.96
122.364,1485.96
122.464,1485.96
122.558,1485.96
122.664,1485.96
122.753,1485.96
122.867,1485.96
122.960,1485.96
123.066,1485.96
123.162,1485.96
123.260,1485.96
123.363,1485.96
123.464,1485.96
123.558,1485.96
123.666,1485.96
123.755,1485.96
123.866,1485.96
123.963,1485.96
124.064,1485.96
124.161,1485.96
124.258,1485.96
124.360,1485.96
124.464,1485.96
124.558,1485.96
124.664,1485.96
124.749,1485.96
124.866,1485.96
124.965,1485.96
125.063,1485.96
125.161,1485.96
125.256,1485.96
125.362,1485.96
125.463,1485.96
125.555,1485.96
125.665,1485.96
125.750,1485.96
125.866,1485.96
125.964,1485.96
126.064,1485.96
126.160,1485.96
126.257,1485.96
126.361,1485.96
126.464,1485.96
126.559,1485.96
126.664,1485.96
126.755,1485.96
126.865,1485.96
126.956,1485.96
127.065,1485.96
127.156,1485.96
127.258,1485.96
127.361,1485.96
127.464,1485.96
127.555,1485.96
127.664,1485.96
127.753,1485.96
127.866,1485.96
127.958,1485.96
128.063,1485.96
128.156,1485.96
128.262,1485.96
128.363,1485.96
128.463,1485.96
128.558,1485.96
128.662,1485.96
128.752,1485.96
128.864,1485.96
128.956,1485.96
129.064,1485.96
129.156,1485.96
129.259,1485.96
129.364,1485.96
129.462,1485.96
129.551,1485.96
129.664,1485.96
129.752,1485.96
129.865,1485.96
129.955,1485.96
130.064,1485.96
130.157,1485.96
130.261,1485.96
130.353,1485.96
130.464,1485.96
130.557,1485.96
130.663,1485.96
130.752,1485.96
130.864,1485.96
130.963,1519.21
131.052,1549.08
131.153,1583.27
131.241,1583.27
131.360,1587.19
131.460,1617.95
131.558,1617.95
131.661,1617.95
131.744,1628.41
131.858,1628.41
131.963,1617.95
132.058,1617.95
132.160,1617.95
132.256,1617.95
132.364,1617.95
132.461,1617.95
132.561,1617.95
132.659,1617.95
132.762,1617.95
132.861,1617.95
132.961,1617.95
133.060,1617.95
133.162,1617.95
133.260,1617.95
133.363,1617.95
133.460,1617.95
133.561,1617.95
133.661,1617.95
133.759,1617.95
133.861,1617.95
133.961,1617.95
134.059,1617.95
134.161,1617.95
134.261,1617.95
134.363,1617.95
134.460,1617.95
134.561,1617.95
134.659,1617.95
134.759,1617.95
134.857,1617.95
134.964,1617.95
135.060,1617.95
135.159,1617.95
135.260,1617.95
135.364,1617.95
135.461,1617.95
135.560,1617.95
135.659,1617.95
135.763,1617.95
135.860,1617.95
135.961,1628.41
136.059,1628.41
136.161,1617.95
136.258,1628.41
136.359,1617.95
136.459,1617.95
136.559,1628.41
136.658,1628.41
136.760,1628.41
136.859,1628.41
136.961,1628.41
137.060,1628.41
137.161,1617.95
137.258,1617.95
137.360,1628.41
137.458,1628.41
137.559,1628.41
137.658,1628.41
137.757,1617.95
137.859,1628.41
137.952,1628.41
138.061,1628.41
138.159,1628.41
138.259,1628.41
138.361,1628.41
138.460,1617.95
138.557,1628.41
138.658,1617.95
138.758,1628.41
138.857,1628.41
138.961,1628.41
139.058,1617.95
139.159,1617.95
139.257,1617.95
139.359,1617.95
139.457,1617.95
139.558,1617.95
139.656,1617.95
139.759,1628.41
139.856,1617.95
139.957,1617.95
140.057,1628.41
140.155,1628.41
140.257,1628.41
140.359,1628.41
140.457,1617.95
140.557,1628.41
140.657,1628.41
140.756,1628.41
140.857,1628.41
140.957,1628.41
141.056,1688.82
141.156,1725.02
141.257,1757.53
141.359,1768.59
141.455,1768.59
141.558,1757.53
141.654,1757.53
141.756,1757.53
141.862,1757.53
141.954,1757.53
142.057,1757.53
142.158,1757.53
142.257,1757.53
142.357,1757.53
142.457,1757.53
142.556,1757.53
142.658,1757.53
142.757,1757.53
142.857,1757.53
142.957,1757.53
143.056,1757.53
143.158,1757.53
143.256,1757.53
143.358,1757.53
143.456,1757.53
143.556,1757.53
143.657,1757.53
143.756,1757.53
143.857,1757.53
143.958,1757.53
144.057,1757.53
144.157,1757.53
144.256,1757.53
144.357,1757.53
144.456,1757.53
144.556,1757.53
144.657,1757.53
144.756,1757.53
144.856,1757.53
144.957,1757.53
145.056,1757.53
145.157,1757.53
145.256,1757.53
145.356,1757.53
145.456,1757.53
145.556,1757.53
145.657,1757.53
145.758,1757.53
145.856,1757.53
145.956,1757.53
146.060,1757.53
146.157,1757.53
146.255,1757.53
146.358,1757.53
146.456,1757.53
146.556,1757.53
146.656,1757.53
146.756,1757.53
146.855,1757.53
146.956,1757.53
147.053,1757.53
147.157,1757.53
147.256,1757.53
147.354,1757.53
147.456,1757.53
147.555,1757.53
147.655,1757.53
147.756,1757.53
147.854,1757.53
147.956,1757.53
148.055,1757.53
148.156,1757.53
148.255,1757.53
148.352,1757.53
148.449,1757.53
148.558,1757.53
148.655,1757.53
148.754,1757.53
148.854,1757.53
148.956,1757.53
149.054,1757.53
149.155,1757.53
149.254,1757.53
149.355,1757.53
149.454,1757.53
149.555,1757.53
149.655,1757.53
149.754,1757.53
149.853,1757.53
149.955,1757.53
150.054,1757.53
150.157,1757.53
150.256,1757.53
150.356,1768.59
150.455,1768.59
150.553,1757.53
150.654,1757.53
150.755,1768.59
150.854,1772.81
150.956,1805.91
151.054,1843.76
151.153,1843.76
151.253,1882.14
151.355,1882.14
151.455,1882.14
151.554,1882.14
151.654,1882.14
151.753,1882.14
151.853,1882.14
151.956,1882.14
152.053,1882.14
152.154,1882.14
152.254,1882.14
152.355,1882.14
152.455,1882.14
152.553,1882.14
152.654,1882.14
152.753,1882.14
152.855,1882.14
152.955,1882.14
153.054,1882.14
153.156,1882.14
153.254,1882.14
153.356,1882.14
153.454,1882.14
153.553,1882.14
153.654,1882.14
153.753,1882.14
153.854,1882.14
153.955,1882.14
154.054,1882.14
154.153,1882.14
154.254,1882.14
154.353,1882.14
154.454,1882.14
154.552,1882.14
154.654,1882.14
154.754,1882.14
154.854,1882.14
154.954,1882.14
155.053,1882.14
155.154,1882.14
155.252,1882.14
155.361,1882.14
155.453,1882.14
155.553,1882.14
155.654,1882.14
155.751,1882.14
155.853,1882.14
155.953,1882.14
156.053,1882.14
156.154,1882.14
156.253,1882.14
156.355,1882.14
156.455,1882.14
156.549,1882.14
156.656,1882.14
156.754,1882.14
156.854,1882.14
156.956,1882.14
157.052,1882.14
157.154,1882.14
157.252,1882.14
157.357,1882.14
157.454,1882.14
157.552,1882.14
157.653,1882.14
157.754,1882.14
157.852,1882.14
157.956,1882.14
158.053,1882.14
158.153,1882.14
158.252,1882.14
158.354,1882.14
158.453,1882.14
158.551,1882.14
158.654,1882.14
158.755,1882.14
158.853,1882.14
158.956,1882.14
159.054,1882.14
159.154,1882.14
159.254,1882.14
159.354,1882.14
159.452,1882.14
159.553,1882.14
159.653,1882.14
159.757,1882.14
159.854,1882.14
159.956,1882.14
160.053,1882.14
160.156,1882.14
160.253,1882.14
160.352,1882.14
160.453,1882.14
160.553,1882.14
160.654,1882.14
160.755,1882.14
160.854,1882.14
160.953,1882.14
161.055,1921.04
161.153,1921.04
161.254,1960.47
161.352,1960.47
161.454,1960.47
161.553,1983.87
161.652,1960.47
161.752,1960.47
161.855,1960.47
161.954,1960.47
162.053,1960.47
162.154,1960.47
162.253,1960.47
162.353,1960.47
162.452,1960.47
162.553,1960.47
162.653,1960.47
162.752,1960.47
162.854,1960.47
162.953,1960.47
163.053,1960.47
163.154,1960.47
163.254,1960.47
163.353,1960.47
163.454,1960.47
163.552,1960.47
163.652,1960.47
163.752,1960.47
163.851,1960.47
163.953,1960.47
164.054,1960.47
164.154,1960.47
164.251,1960.47
164.352,1960.47
164.452,1960.47
164.551,1960.47
164.652,1960.47
164.754,1960.47
164.851,1960.47
164.955,1960.47
165.051,1960.47
165.151,1960.47
165.253,1960.47
165.352,1960.47
165.452,1960.47
165.552,1960.47
165.653,1960.47
165.752,1960.47
165.852,1960.47
165.952,1960.47
166.052,1960.47
166.151,1960.47
166.251,1960.47
166.355,1960.47
166.450,1960.47
166.551,1960.47
166.653,1960.47
166.752,1960.47
166.852,1960.47
166.952,1960.47
167.052,1960.47
167.153,1960.47
167.252,1960.47
167.356,1960.47
167.451,1960.47
167.552,1960.47
167.652,1960.47
167.754,1960.47
167.853,1960.47
167.954,1960.47
168.053,1960.47
168.144,1960.47
168.256,1960.47
168.352,1960.47
168.452,1960.47
168.551,1960.47
168.652,1960.47
168.754,1960.47
168.851,1960.47
168.953,1960.47
169.054,1960.47
169.155,1960.47
169.251,1960.47
169.354,1960.47
169.451,1960.47
169.550,1960.47
169.651,1960.47
169.753,1960.47
169.854,1960.47
169.953,1960.47
170.053,1960.47
170.150,1960.47
170.251,1960.47
170.353,1960.47
170.452,1960.47
170.550,1960.47
170.651,1960.47
170.743,1960.47
170.843,1983.87
170.953,2000.45
171.052,2036.31
171.150,2040.96
171.250,2040.96
171.352,2064.99
171.442,2040.96
171.550,2040.96
171.653,2040.96
171.749,2040.96
171.852,2040.96
171.952,2040.96
172.052,2040.96
172.151,2040.96
172.251,2040.96
172.350,2040.96
172.451,2040.96
172.550,2040.96
172.651,2040.96
172.753,2040.96
172.850,2040.96
172.954,2040.96
173.051,2040.96
173.153,2040.96
173.250,2040.96
173.353,2040.96
173.450,2040.96
173.550,2040.96
173.651,2040.96
173.753,2040.96
173.850,2040.96
173.951,2040.96
174.052,2040.96
174.152,2040.96
174.251,2040.96
174.350,2040.96
174.451,2040.96
174.551,2040.96
174.649,2040.96
174.753,2040.96
174.849,2040.96
174.951,2040.96
175.051,2040.96
175.153,2040.96
175.250,2040.96
175.355,2040.96
175.448,2040.96
175.551,2040.96
175.650,2040.96
175.750,2040.96
175.850,2040.96
175.949,2040.96
176.051,2040.96
176.151,2040.96
176.252,2040.96
176.351,2040.96
176.449,2040.96
176.550,2040.96
176.650,2040.96
176.749,2040.96
176.849,2040.96
176.955,2040.96
177.048,2040.96
177.151,2040.96
177.250,2040.96
177.349,2040.96
177.451,2040.96
177.549,2040.96
177.649,2040.96
177.749,2040.96
177.847,2040.96
177.953,2040.96
178.049,2040.96
178.150,2040.96
178.250,2040.96
178.349,2040.96
178.449,2040.96
178.549,2040.96
178.648,2040.96
178.749,2040.96
178.849,2040.96
178.951,2040.96
179.051,2040.96
179.150,2040.96
179.248,2040.96
179.347,2040.96
179.449,2040.96
179.548,2040.96
179.649,2040.96
179.749,2040.96
179.848,2040.96
179.950,2040.96
180.049,2040.96
180.152,2040.96
180.250,2040.96
180.351,2077.30
180.448,2082.01
180.548,2082.01
180.649,2082.01
180.750,2106.37
180.847,2082.01
180.948,2082.01
181.051,2082.01
181.150,2082.01
181.249,2082.01
181.349,2082.01
181.448,2082.01
181.548,2082.01
181.651,2082.01
181.748,2082.01
181.849,2082.01
181.950,2082.01
182.049,2082.01
182.149,2082.01
182.249,2082.01
182.348,2082.01
182.447,2082.01
182.547,2082.01
182.649,2082.01
182.748,2082.01
182.848,2082.01
182.948,2082.01
183.050,2082.01
183.149,2082.01
183.249,2082.01
183.352,2082.01
183.447,2082.01
183.548,2082.01
183.647,2082.01
183.750,2082.01
183.849,2082.01
183.948,2082.01
184.049,2082.01
184.149,2082.01
184.248,2082.01
184.349,2082.01
184.447,2082.01
184.549,2106.37
184.647,2082.01
184.749,2082.01
184.849,2082.01
184.948,2082.01
185.047,2082.01
185.147,2082.01
185.248,2082.01
185.353,2082.01
185.448,2082.01
185.547,2082.01
185.644,2082.01
185.750,2082.01
185.847,2082.01
185.950,2082.01
186.047,2082.01
186.152,2082.01
186.247,2082.01
186.350,2082.01
186.446,2082.01
186.547,2082.01
186.648,2082.01
186.752,2082.01
186.847,2082.01
186.947,2082.01
187.047,2082.01
187.146,2082.01
187.247,2082.01
187.350,2082.01
187.446,2082.01
187.546,2082.01
187.647,2082.01
187.747,2082.01
187.846,2082.01
187.946,2082.01
188.045,2082.01
188.147,2082.01
188.243,2082.01
188.347,2082.01
188.446,2082.01
188.546,2082.01
188.648,2082.01
188.747,2082.01
188.847,2082.01
188.948,2082.01
189.045,2082.01
189.147,2082.01
189.246,2082.01
189.347,2082.01
189.447,2082.01
189.545,2082.01
189.647,2082.01
189.745,2082.01
189.848,2082.01
189.947,2082.01
190.046,2082.01
190.147,2082.01
190.245,2106.37
190.344,2082.01
190.445,2082.01
190.545,2082.01
190.645,2082.01
190.745,2082.01
190.844,2082.01
190.945,2082.01
191.045,2082.01
191.145,2082.01
191.246,2082.01
191.345,2082.01
191.445,2082.01
191.545,2082.01
191.645,2082.01
191.746,2082.01
191.847,2082.01
191.947,2082.01
192.046,2082.01
192.146,2082.01
192.246,2082.01
192.345,2082.01
192.445,2082.01
192.544,2082.01
192.645,2082.01
192.747,2082.01
192.844,2082.01
192.945,2082.01
193.046,2082.01
193.145,2082.01
193.245,2082.01
193.344,2082.01
193.446,2082.01
193.546,2082.01
193.643,2082.01
193.744,2082.01
193.845,2082.01
193.944,2082.01
194.046,2082.01
194.144,2082.01
194.244,2082.01
194.346,2082.01
194.445,2082.01
194.544,2082.01
194.644,2082.01
194.748,2082.01
194.844,2082.01
194.944,2082.01
195.044,2082.01
195.145,2082.01
195.244,2082.01
195.345,2082.01
195.445,2082.01
195.544,2082.01
195.645,2082.01
195.744,2082.01
195.845,2082.01
195.946,2082.01
196.043,2082.01
196.146,2082.01
196.244,2082.01
196.344,2082.01
196.444,2082.01
196.545,2082.01
196.644,2082.01
196.744,2082.01
196.844,2082.01
196.944,2082.01
197.046,2082.01
197.144,2082.01
197.237,2082.01
197.337,2082.01
197.437,2082.01
197.537,2082.01
197.637,2082.01
197.737,2082.01
197.843,2082.01
197.946,2106.37
198.041,2082.01
198.143,2082.01
198.243,2082.01
198.342,2082.01
198.445,2106.37
198.542,2082.01
198.643,2082.01
198.743,2082.01
198.844,2082.01
198.942,2082.01
199.042,2082.01
199.145,2082.01
199.242,2082.01
199.344,2082.01
199.442,2082.01
199.542,2082.01
199.643,2082.01
199.742,2082.01
199.841,2082.01
199.943,2082.01
200.042,2082.01
200.142,2082.01
200.242,2082.01
200.342,2106.37
200.440,2106.37
200.540,2082.01
200.641,2082.01
200.742,2082.01
200.841,2082.01
200.942,2077.30
201.041,2082.01
201.140,2077.30
201.241,2064.99
201.342,2064.99
201.442,2064.99
201.541,2064.99
201.642,2064.99
201.742,2064.99
201.841,2064.99
201.941,2064.99
202.042,2064.99
202.140,2064.99
202.242,2064.99
202.342,2064.99
202.440,2064.99
202.542,2064.99
202.642,2064.99
202.741,2064.99
202.841,2064.99
202.943,2064.99
203.042,2064.99
203.142,2064.99
203.241,2064.99
203.341,2064.99
203.440,2064.99
203.541,2064.99
203.641,2064.99
203.742,2064.99
203.840,2064.99
203.942,2064.99
204.041,2064.99
204.140,2064.99
204.241,2064.99
204.340,2064.99
204.441,2064.99
204.540,2064.99
204.642,2064.99
204.741,2064.99
204.842,2064.99
204.942,2064.99
205.040,2064.99
205.142,2064.99
205.241,2064.99
205.341,2064.99
205.442,2064.99
205.541,2064.99
205.641,2064.99
205.740,2064.99
205.842,2064.99
205.941,2064.99
206.041,2064.99
206.141,2064.99
206.240,2064.99
206.340,2064.99
206.443,2064.99
206.540,2064.99
206.640,2064.99
206.741,2064.99
206.841,2064.99
206.941,2064.99
207.041,2064.99
207.140,2064.99
207.241,2064.99
207.341,2064.99
207.440,2064.99
207.541,2064.99
207.640,2064.99
207.741,2064.99
207.842,2064.99
207.941,2064.99
208.040,2064.99
208.141,2064.99
208.239,2064.99
208.342,2064.99
208.441,2064.99
208.539,2064.99
208.641,2064.99
208.741,2064.99
208.840,2064.99
208.940,2064.99
209.040,2064.99
209.142,2064.99
209.239,2064.99
209.341,2064.99
209.439,2064.99
209.540,2064.99
209.640,2064.99
209.741,2064.99
209.841,2064.99
209.941,2064.99
210.039,2064.99
210.138,2064.99
210.240,2064.99
210.340,2064.99
210.440,2064.99
210.539,2040.96
210.640,2040.96
210.741,2024.16
210.839,2024.16
210.939,2024.16
211.041,2000.45
211.141,2000.45
211.239,2000.45
211.341,2000.45
211.440,2000.45
211.538,2000.45
211.640,2000.45
211.739,2000.45
211.841,2000.45
211.942,2000.45
212.040,2000.45
212.140,2000.45
212.240,2000.45
212.339,2000.45
212.440,2000.45
212.539,2000.45
212.640,2000.45
212.740,2000.45
212.840,2000.45
212.941,2000.45
213.040,2000.45
213.139,2000.45
213.240,1988.44
213.339,2000.45
213.439,1988.44
213.538,2000.45
213.639,2000.45
213.741,2000.45
213.840,2000.45
213.940,2000.45
214.039,2000.45
214.140,2000.45
214.238,2000.45
214.338,2000.45
214.439,2000.45
214.539,1988.44
214.637,1988.44
214.740,1988.44
214.839,1988.44
214.940,1988.44
215.039,2000.45
215.139,1988.44
215.237,2000.45
215.339,2000.45
215.438,2000.45
215.538,2000.45
215.638,2000.45
215.737,2000.45
215.839,2000.45
215.939,2000.45
216.038,2000.45
216.138,2000.45
216.238,2000.45
216.340,2000.45
216.438,2000.45
216.538,2000.45
216.638,2000.45
216.737,2000.45
216.838,2000.45
216.937,1988.44
217.038,2000.45
217.137,2000.45
217.238,1988.44
217.338,2000.45
217.438,2000.45
217.536,2000.45
217.639,2000.45
217.738,2000.45
217.831,1988.44
217.935,1988.44
218.037,2000.45
218.139,2000.45
218.238,2000.45
218.337,2000.45
218.438,2000.45
218.539,2000.45
218.638,2000.45
218.738,2000.45
218.837,1988.44
218.937,2000.45
219.036,2000.45
219.140,1988.44
219.236,1988.44
219.338,1988.44
219.436,2000.45
219.535,2000.45
219.636,1988.44
219.735,1988.44
219.836,2000.45
219.937,2000.45
220.036,1988.44
220.136,1988.44
220.237,1988.44
220.336,2000.45
220.437,1988.44
220.535,1988.44
220.636,1960.47
220.737,1960.47
220.837,1948.63
220.936,1948.63
221.037,1948.63
221.138,1948.63
221.236,1944.12
221.334,1944.12
221.437,1921.04
221.534,1921.04
221.637,1921.04
221.737,1921.04
221.835,1921.04
221.935,1944.12
222.035,1921.04
222.137,1921.04
222.235,1921.04
222.337,1921.04
222.435,1921.04
222.536,1921.04
222.635,1921.04
222.738,1921.04
222.836,1921.04
222.938,1921.04
223.034,1921.04
223.137,1944.12
223.235,1921.04
223.336,1921.04
223.434,1921.04
223.534,1921.04
223.635,1921.04
223.730,1921.04
223.837,1921.04
223.929,1921.04
224.036,1921.04
224.132,1921.04
224.234,1944.12
224.329,1944.12
224.435,1944.12
224.524,1921.04
224.637,1944.12
224.727,1944.12
224.836,1944.12
224.925,1944.12
225.036,1921.04
225.123,1921.04
225.230,1921.04
225.329,1921.04
225.434,1909.35
225.526,1909.35
225.637,1921.04
225.727,1921.04
225.835,1921.04
225.931,1921.04
226.035,1909.35
226.132,1909.35
226.234,1909.35
226.334,1909.35
226.435,1909.35
226.530,1909.35
226.634,1909.35
226.726,1909.35
226.836,1909.35
226.933,1909.35
227.034,1909.35
227.130,1909.35
227.228,1909.35
227.333,1909.35
227.434,1909.35
227.530,1909.35
227.634,1909.35
227.724,1909.35
227.836,1909.35
227.930,1909.35
228.034,1909.35
228.128,1909.35
228.233,1909.35
228.329,1909.35
228.434,1909.35
228.526,1909.35
228.636,1909.35
228.730,1909.35
228.835,1909.35
228.929,1909.35
229.034,1909.35
229.127,1909.35
229.234,1909.35
229.331,1909.35
229.434,1921.04
229.529,1921.04
229.634,1909.35
229.725,1909.35
229.834,1921.04
229.931,1921.04
230.033,1921.04
230.133,1909.35
230.222,1909.35
230.327,1909.35
230.433,1909.35
230.530,1909.35
230.632,1909.35
230.721,1909.35
230.834,1909.35
230.929,1909.35
231.031,1909.35
231.125,1909.35
231.231,1882.14
231.326,1870.61
231.433,1866.22
231.524,1843.76
231.633,1832.39
231.723,1832.39
231.833,1794.70
231.931,1790.43
232.031,1768.59
232.129,1768.59
232.233,1768.59
232.330,1768.59
232.432,1768.59
232.522,1768.59
232.635,1768.59
232.726,1768.59
232.834,1768.59
232.930,1768.59
233.033,1757.53
233.130,1768.59
233.231,1768.59
233.329,1768.59
233.432,1768.59
233.529,1768.59
233.634,1768.59
233.726,1768.59
233.833,1768.59
233.931,1768.59
234.032,1768.59
234.131,1757.53
234.229,1768.59
234.323,1768.59
234.435,1768.59
234.525,1768.59
234.633,1768.59
234.726,1768.59
234.834,1768.59
234.931,1768.59
235.032,1768.59
235.126,1768.59
235.226,1757.53
235.328,1768.59
235.433,1768.59
235.529,1768.59
235.633,1768.59
235.722,1757.53
235.834,1768.59
235.931,1768.59
236.033,1768.59
236.130,1768.59
236.230,1768.59
236.332,1757.53
236.431,1757.53
236.529,1757.53
236.633,1757.53
236.723,1757.53
236.833,1757.53
236.932,1757.53
237.031,1757.53
237.131,1757.53
237.229,1768.59
237.331,1757.53
237.431,1757.53
237.530,1757.53
237.633,1757.53
237.721,1757.53
237.834,1757.53
237.930,1757.53
238.032,1757.53
238.133,1757.53
238.229,1757.53
238.331,1757.53
238.431,1757.53
238.530,1757.53
238.633,1757.53
238.720,1757.53
238.832,1757.53
238.931,1757.53
239.031,1768.59
239.130,1757.53
239.224,1757.53
239.331,1768.59
239.430,1757.53
239.527,1757.53
239.632,1768.59
239.719,1768.59
239.833,1757.53
239.929,1757.53
240.031,1757.53
240.128,1757.53
240.230,1757.53
240.333,1757.53
240.431,1757.53
240.526,1735.95
240.631,1720.87
240.719,1684.73
240.832,1649.10
240.928,1649.10
241.031,1649.10
241.132,1617.95
241.226,1617.95
241.331,1617.95
241.431,1617.95
241.522,1617.95
241.633,1617.95
241.719,1617.95
241.834,1617.95
241.928,1617.95
242.025,1617.95
242.135,1617.95
242.228,1617.95
242.328,1617.95
242.433,1617.95
242.528,1617.95
242.633,1617.95
242.725,1617.95
242.832,1617.95
242.927,1617.95
243.032,1617.95
243.125,1617.95
243.224,1617.95
243.334,1617.95
243.429,1617.95
243.527,1617.95
243.632,1617.95
243.725,1617.95
243.831,1617.95
243.933,1617.95
244.031,1617.95
244.129,1617.95
244.229,1617.95
244.327,1617.95
244.433,1617.95
244.527,1617.95
244.632,1617.95
244.718,1617.95
244.835,1617.95
244.931,1617.95
245.031,1617.95
245.131,1617.95
245.226,1617.95
245.331,1617.95
245.431,1617.95
245.527,1617.95
245.632,1617.95
245.718,1617.95
245.834,1617.95
245.920,1638.54
246.034,1617.95
246.124,1617.95
246.229,1617.95
246.329,1617.95
246.432,1617.95
246.524,1617.95
246.633,1617.95
246.717,1617.95
246.835,1617.95
246.930,1617.95
247.030,1617.95
247.130,1617.95
247.227,1617.95
247.329,1617.95
247.430,1617.95
247.524,1617.95
247.631,1617.95
247.718,1617.95
247.834,1617.95
247.930,1617.95
248.030,1617.95
248.133,1617.95
248.229,1617.95
248.327,1617.95
248.430,1617.95
248.529,1617.95
248.627,1617.95
248.722,1617.95
248.833,1617.95
248.932,1617.95
249.029,1617.95
249.130,1617.95
249.227,1617.95
249.327,1617.95
249.431,1617.95
249.528,1617.95
249.631,1617.95
249.721,1617.95
249.833,1617.95
249.929,1617.95
250.030,1617.95
250.117,1617.95
250.228,1583.27
250.325,1549.08
250.430,1535.11
250.520,1535.11
250.633,1515.40
250.719,1505.42
250.832,1482.20
250.926,1482.20
251.031,1482.20
251.130,1482.20
251.225,1482.20
251.326,1482.20
251.430,1482.20
251.526,1482.20
251.630,1482.20
251.720,1482.20
251.832,1482.20
251.925,1482.20
252.030,1482.20
252.130,1482.20
252.226,1482.20
252.326,1482.20
252.431,1482.20
252.523,1482.20
252.631,1482.20
252.720,1482.20
252.832,1482.20
252.930,1482.20
253.029,1482.20
253.122,1482.20
253.223,1482.20
253.325,1482.20
253.430,1482.20
253.517,1482.20
253.633,1482.20
253.717,1482.20
253.832,1482.20
253.926,1482.20
254.028,1482.20
254.123,1482.20
254.230,1482.20
254.323,1482.20
254.431,1482.20
254.526,1482.20
254.630,1482.20
254.720,1482.20
254.831,1482.20
254.928,1482.20
255.029,1482.20
255.122,1482.20
255.226,1482.20
255.323,1482.20
255.431,1482.20
255.523,1482.20
255.630,1482.20
255.716,1482.20
255.834,1482.20
255.924,1482.20
256.029,1482.20
256.127,1482.20
256.222,1482.20
256.324,1482.20
256.431,1482.20
256.528,1482.20
256.629,1482.20
256.719,1482.20
256.831,1482.20
256.926,1482.20
257.029,1482.20
257.122,1482.20
257.228,1482.20
257.328,1482.20
257.428,1482.20
257.523,1482.20
257.629,1482.20
257.717,1482.20
257.832,1482.20
257.927,1482.20
258.030,1482.20
258.125,1482.20
258.222,1482.20
258.329,1482.20
258.428,1482.20
258.527,1482.20
258.631,1482.20
258.716,1482.20
258.833,1482.20
258.928,1482.20
259.029,1482.20
259.127,1482.20
259.222,1482.20
259.328,1482.20
259.430,1482.20
259.524,1482.20
259.629,1482.20
259.716,1482.20
259.833,1482.20
259.923,1482.20
260.030,1482.20
260.122,1482.20
260.222,1482.20
260.326,1482.20
260.428,1482.20
260.525,1482.20
260.629,1482.20
260.718,1482.20
260.830,1482.20
260.924,1449.50
261.029,1417.28
261.122,1407.73
261.229,1376.14
261.327,1376.14
261.429,1376.14
261.528,1376.14
261.630,1376.14
261.716,1376.14
261.832,1376.14
261.927,1376.14
262.029,1376.14
262.120,1376.14
262.224,1376.14
262.330,1376.14
262.428,1376.14
262.524,1376.14
262.630,1376.14
262.718,1376.14
262.829,1376.14
262.928,1376.14
263.028,1376.14
263.127,1376.14
263.227,1376.14
263.322,1376.14
263.430,1376.14
263.522,1376.14
263.629,1376.14
263.715,1376.14
263.832,1376.14
263.922,1376.14
264.030,1376.14
264.123,1376.14
264.228,1376.14
264.325,1376.14
264.428,1376.14
264.522,1376.14
264.628,1376.14
264.719,1376.14
264.831,1376.14
264.927,1376.14
265.028,1376.14
265.123,1376.14
265.227,1376.14
265.323,1376.14
265.430,1376.14
265.523,1376.14
265.630,1376.14
265.715,1376.14
265.832,1376.14
265.924,1376.14
266.028,1376.14
266.120,1376.14
266.226,1376.14
266.327,1376.14
266.427,1376.14
266.522,1376.14
266.629,1376.14
266.721,1376.14
266.829,1376.14
266.926,1376.14
267.028,1376.14
267.124,1376.14
267.221,1376.14
267.325,1376.14
267.428,1376.14
267.524,1376.14
267.627,1376.14
267.717,1376.14
267.831,1376.14
267.922,1376.14
268.028,1376.14
268.119,1376.14
268.223,1376.14
268.322,1376.14
268.430,1376.14
268.522,1376.14
268.629,1376.14
268.712,1376.14
268.831,1376.14
268.921,1376.14
269.029,1376.14
269.124,1376.14
269.223,1376.14
269.324,1376.14
269.428,1376.14
269.523,1376.14
269.628,1376.14
269.714,1376.14
269.830,1376.14
269.924,1376.14
270.027,1376.14
270.119,1376.14
270.229,1376.14
270.318,1376.14
270.426,1376.14
270.523,1376.14
270.628,1376.14
270.716,1376.14
270.829,1376.14
270.926,1348.54
271.025,1314.37
271.123,1275.26
271.221,1257.84
271.321,1249.03
271.427,1275.26
271.521,1245.68
271.625,1249.03
271.714,1219.86
271.829,1219.86
271.922,1219.86
272.027,1219.86
272.122,1219.86
272.224,1219.86
272.325,1219.86
272.427,1219.86
272.521,1219.86
272.627,1219.86
272.714,1219.86
272.830,1219.86
272.927,1219.86
273.026,1219.86
273.124,1219.86
273.220,1219.86
273.326,1219.86
273.425,1219.86
273.523,1219.86
273.626,1219.86
273.715,1219.86
273.830,1219.86
273.922,1219.86
274.027,1219.86
274.116,1219.86
274.224,1219.86
274.324,1219.86
274.426,1219.86
274.522,1219.86
274.626,1219.86
274.714,1219.86
274.828,1219.86
274.915,1219.86
275.027,1219.86
275.124,1219.86
275.221,1219.86
275.320,1219.86
275.427,1219.86
275.518,1219.86
275.627,1219.86
275.713,1219.86
275.828,1219.86
275.925,1219.86
276.024,1219.86
276.123,1219.86
276.220,1219.86
276.323,1219.86
276.426,1219.86
276.517,1219.86
276.629,1219.86
276.714,1219.86
276.827,1219.86
276.914,1219.86
277.027,1219.86
277.121,1219.86
277.219,1219.86
277.321,1219.86
277.425,1219.86
277.521,1219.86
277.625,1219.86
277.715,1219.86
277.826,1219.86
277.920,1219.86
278.025,1219.86
278.121,1219.86
278.212,1219.86
278.318,1219.86
278.427,1219.86
278.520,1219.86
278.626,1219.86
278.714,1219.86
278.816,1219.86
278.928,1219.86
279.022,1219.86
279.122,1219.86
279.218,1219.86
279.322,1219.86
279.424,1219.86
279.523,1219.86
279.623,1219.86
279.714,1219.86
279.828,1219.86
279.918,1219.86
280.024,1219.86
280.120,1219.86
280.219,1219.86
280.324,1219.86
280.423,1219.86
280.516,1191.15
280.624,1162.90
280.715,1138.24
280.827,1107.74
280.919,1083.87
281.023,1099.64
281.117,1072.86
281.223,1072.86
281.323,1083.87
281.423,1083.87
281.522,1083.87
281.624,1083.87
281.716,1083.87
281.825,1083.87
281.919,1083.87
282.024,1083.87
282.121,1075.89
282.223,1083.87
282.320,1083.87
282.425,1083.87
282.520,1083.87
282.624,1083.87
282.710,1075.89
282.826,1083.87
282.920,1083.87
283.024,1075.89
283.118,1083.87
283.218,1075.89
283.321,1083.87
283.422,1075.89
283.518,1075.89
283.623,1075.89
283.714,1083.87
283.823,1083.87
283.911,1075.89
284.025,1083.87
284.121,1075.89
284.216,1075.89
284.322,1075.89
284.422,1075.89
284.520,1075.89
284.623,1075.89
284.716,1075.89
284.825,1075.89
284.921,1075.89
285.021,1075.89
285.119,1075.89
285.216,1075.89
285.313,1075.89
285.424,1083.87
285.510,1083.87
285.626,1083.87
285.710,1075.89
285.823,1075.89
285.919,1075.89
286.023,1083.87
286.117,1075.89
286.220,1075.89
286.319,1075.89
286.423,1075.89
286.518,1075.89
286.622,1075.89
286.711,1083.87
286.823,1075.89
286.918,1075.89
287.019,1075.89
287.119,1075.89
287.216,1083.87
287.317,1075.89
287.421,1083.87
287.516,1083.87
287.618,1083.87
287.710,1083.87
287.822,1083.87
287.920,1083.87
288.018,1083.87
288.118,1075.89
288.213,1075.89
288.319,1075.89
288.422,1075.89
288.517,1075.89
288.620,1075.89
288.708,1075.89
288.822,1083.87
288.918,1083.87
289.020,1075.89
289.114,1083.87
289.214,1083.87
289.310,1083.87
289.422,1075.89
289.510,1083.87
289.620,1083.87
289.707,1083.87
289.821,1075.89
289.915,1083.87
290.020,1083.87
290.113,1083.87
290.216,1005.60
290.319,1005.60
290.419,970.08
290.508,972.91
290.620,972.91
290.709,972.91
290.820,948.24
290.917,965.49
291.017,972.91
291.113,972.91
291.216,972.91
291.315,972.91
291.420,972.91
291.514,972.91
291.619,972.91
291.707,972.91
291.820,972.91
291.916,972.91
292.017,972.91
292.114,972.91
292.214,972.91
292.316,972.91
292.419,972.91
292.509,972.91
292.619,972.91
292.708,972.91
292.820,972.91
292.916,972.91
293.016,972.91
293.115,972.91
293.211,972.91
293.318,972.91
293.416,972.91
293.510,972.91
293.619,972.91
293.710,972.91
293.819,972.91
293.914,972.91
294.018,972.91
294.117,972.91
294.217,972.91
294.315,972.91
294.418,972.91
294.512,965.49
294.618,965.49
294.713,965.49
294.818,972.91
294.916,965.49
295.016,965.49
295.117,972.91
295.209,972.91
295.319,972.91
295.417,972.91
295.513,972.91
295.612,972.91
295.708,972.91
295.818,972.91
295.916,972.91
296.016,972.91
296.112,972.91
296.213,972.91
296.309,972.91
296.419,972.91
296.515,972.91
296.617,972.91
296.709,972.91
296.819,972.91
296.913,972.91
297.016,972.91
297.114,972.91
297.213,972.91
297.317,972.91
297.416,972.91
297.510,972.91
297.618,972.91
297.707,972.91
297.818,972.91
297.915,972.91
298.017,972.91
298.116,972.91
298.210,972.91
298.316,972.91
298.417,972.91
298.507,972.91
298.618,972.91
298.711,972.91
298.817,972.91
298.913,972.91
299.017,972.91
299.113,972.91
299.215,972.91
299.310,972.91
299.417,972.91
299.507,972.91
299.617,972.91
299.709,972.91
299.818,972.91
299.914,972.91
300.017,972.91
300.115,972.91
300.211,897.45
300.308,853.71
300.417,853.71
300.510,833.66
300.617,833.66
300.708,789.56
300.817,824.42
300.914,826.96
301.015,826.96
301.115,824.42
301.212,826.96
301.318,826.96
301.415,824.42
301.513,826.96
301.616,826.96
301.704,826.96
301.816,826.96
301.917,826.96
302.015,826.96
302.113,826.96
302.214,826.96
302.309,826.96
302.418,826.96
302.510,826.96
302.616,826.96
302.710,826.96
302.815,826.96
302.912,826.96
303.017,826.96
303.109,826.96
303.211,826.96
303.312,826.96
303.416,824.42
303.514,826.96
303.616,826.96
303.708,826.96
303.818,826.96
303.907,826.96
304.018,826.96
304.111,826.96
304.214,826.96
304.314,833.66
304.416,826.96
304.512,826.96
304.617,826.96
304.707,833.66
304.817,826.96
304.912,826.96
305.017,826.96
305.113,826.96
305.207,826.96
305.308,826.96
305.418,824.42
305.508,826.96
305.617,826.96
305.703,826.96
305.819,826.96
305.909,826.96
306.018,824.42
306.110,826.96
306.210,826.96
306.317,826.96
306.416,826.96
306.512,826.96
306.615,826.96
306.707,826.96
306.818,826.96
306.909,826.96
307.016,826.96
307.110,826.96
307.213,826.96
307.313,826.96
307.415,826.96
307.510,826.96
307.617,826.96
307.704,826.96
307.819,826.96
307.912,826.96
308.014,826.96
308.113,826.96
308.212,824.42
308.316,826.96
308.414,826.96
308.512,826.96
308.616,826.96
308.705,826.96
308.817,826.96
308.909,826.96
309.017,826.96
309.105,826.96
309.215,826.96
309.315,826.96
309.414,826.96
309.506,826.96
309.617,826.96
309.702,826.96
309.820,824.42
309.910,824.42
310.017,826.96
310.109,826.96
310.217,826.96
310.307,826.96
310.417,826.96
310.511,824.42
310.614,826.96
310.701,826.96
310.818,826.96
310.914,724.03
311.014,738.45
311.112,759.36
311.210,761.76
311.312,732.28
311.414,753.07
311.512,714.19
311.615,711.88
311.711,714.19
311.814,734.63
311.916,734.63
312.014,734.63
312.113,734.63
312.215,734.63
312.314,734.63
312.416,734.63
312.513,734.63
312.613,734.63
312.715,734.63
312.814,734.63
312.913,734.63
313.014,734.63
313.115,734.63
313.213,734.63
313.315,734.63
313.414,734.63
313.515,734.63
313.614,734.63
313.714,734.63
313.814,734.63
313.916,734.63
314.014,734.63
314.113,734.63
314.213,734.63
314.314,734.63
314.415,734.63
314.512,734.63
314.614,734.63
314.713,734.63
314.815,734.63
314.915,734.63
315.014,734.63
315.114,734.63
315.213,734.63
315.312,734.63
315.415,734.63
315.513,734.63
315.614,734.63
315.715,734.63
315.813,734.63
315.914,734.63
316.014,734.63
316.112,734.63
316.214,734.63
316.315,734.63
316.413,734.63
316.514,734.63
316.612,734.63
316.714,734.63
316.813,734.63
316.914,734.63
317.014,734.63
317.113,734.63
317.213,734.63
317.315,734.63
317.414,734.63
317.513,734.63
317.612,734.63
317.713,734.63
317.812,734.63
317.914,734.63
318.013,734.63
318.114,734.63
318.212,734.63
318.312,734.63
318.413,734.63
318.512,734.63
318.612,734.63
318.712,734.63
318.814,734.63
318.912,734.63
319.013,734.63
319.113,734.63
319.213,734.63
319.311,734.63
319.408,734.63
319.512,734.63
319.611,726.14
319.711,639.68
319.813,639.68
319.913,656.50
320.013,624.47
320.116,656.50
320.208,656.50
320.312,656.50
320.411,656.50
320.512,656.50
320.613,656.50
320.712,656.50
320.812,656.50
320.913,656.50
321.012,656.50
321.112,656.50
321.213,656.50
321.312,656.50
321.412,656.50
321.512,656.50
321.612,656.50
321.712,656.50
321.811,656.50
321.913,656.50
322.011,656.50
322.112,656.50
322.213,656.50
322.313,639.68
322.412,656.50
322.510,656.50
322.611,656.50
322.712,656.50
322.810,656.50
322.912,656.50
323.011,656.50
323.111,656.50
323.213,656.50
323.312,656.50
323.412,656.50
323.512,656.50
323.611,656.50
323.710,656.50
323.812,656.50
323.912,656.50
324.012,656.50
324.113,656.50
324.212,656.50
324.312,656.50
324.412,656.50
324.512,656.50
324.611,656.50
324.712,656.50
324.812,656.50
324.913,656.50
325.011,656.50
325.113,656.50
325.212,656.50
325.309,656.50
325.412,656.50
325.512,656.50
325.612,656.50
325.713,656.50
325.812,656.50
325.912,656.50
326.011,656.50
326.111,656.50
326.212,656.50
326.313,656.50
326.412,656.50
326.511,656.50
326.611,656.50
326.710,656.50
326.810,656.50
326.915,656.50
327.013,656.50
327.111,656.50
327.212,656.50
327.311,656.50
327.412,656.50
327.510,656.50
327.611,656.50
327.715,656.50
327.812,656.50
327.914,656.50
328.012,656.50
328.112,656.50
328.212,656.50
328.310,656.50
328.410,656.50
328.511,656.50
328.611,656.50
328.710,656.50
328.812,656.50
328.912,656.50
329.011,656.50
329.104,656.50
329.215,658.68
329.307,656.50
329.410,656.50
329.510,656.50
329.611,656.50
329.711,656.50
329.810,656.50
329.914,656.50
330.012,656.50
330.110,656.50
330.210,656.50
330.309,656.50
330.409,656.50
330.512,656.50
330.611,637.54
330.709,563.37
330.810,539.48
330.911,554.50
331.010,537.57
331.111,525.91
331.210,524.03
331.309,524.03
331.410,540.67
331.508,524.03
331.609,530.86
331.709,525.91
331.807,524.03
331.912,524.03
332.009,524.03
332.109,522.15
332.209,524.03
332.310,524.03
332.410,524.03
332.509,522.15
332.609,524.03
332.709,524.03
332.810,524.03
332.910,524.03
333.009,524.03
333.109,524.03
333.210,524.03
333.310,524.03
333.409,522.15
333.509,512.56
333.609,522.15
333.708,522.15
333.809,522.15
333.910,522.15
334.009,524.03
334.109,524.03
334.209,524.03
334.309,524.03
334.410,522.15
334.508,524.03
334.608,524.03
334.710,528.97
334.808,524.03
334.909,524.03
335.008,524.03
335.110,524.03
335.208,524.03
335.309,522.15
335.408,524.03
335.508,524.03
335.609,524.03
335.709,524.03
335.808,524.03
335.909,528.97
336.007,524.03
336.107,524.03
336.208,522.15
336.308,524.03
336.408,524.03
336.508,524.03
336.609,524.03
336.710,522.15
336.807,524.03
336.910,524.03
337.008,524.03
337.110,522.15
337.208,524.03
337.306,524.03
337.409,524.03
337.507,524.03
337.607,522.15
337.708,512.56
337.808,524.03
337.903,524.03
338.006,524.03
338.110,512.56
338.206,522.15
338.307,524.03
338.406,512.56
338.506,522.15
338.607,522.15
338.707,512.56
338.805,507.72
338.909,522.15
339.005,522.15
339.106,524.03
339.207,524.03
339.307,507.72
339.405,522.15
339.507,512.56
339.605,524.03
339.706,512.56
339.806,512.56
339.906,512.56
340.005,512.56
340.110,512.56
340.204,507.72
340.305,432.29
340.407,379.33
340.506,377.82
340.605,368.61
340.706,363.25
340.805,395.29
340.907,381.79
341.005,381.79
341.107,381.79
341.206,381.79
341.309,381.79
341.407,381.79
341.506,381.79
341.607,381.79
341.707,381.79
341.806,381.79
341.910,389.68
342.007,381.79
342.106,381.79
342.207,381.79
342.305,381.79
342.407,381.79
342.505,381.79
342.606,381.79
342.703,381.79
342.808,381.79
342.906,381.79
343.006,381.79
343.106,381.79
343.206,381.79
343.306,381.79
343.406,381.79
343.506,381.79
343.606,381.79
343.706,381.79
343.806,381.79
343.906,381.79
344.006,381.79
344.104,381.79
344.206,381.79
344.308,381.79
344.405,381.79
344.506,381.79
344.605,381.79
344.710,381.79
344.806,381.79
344.906,377.82
345.005,381.79
345.104,381.79
345.206,381.79
345.306,381.79
345.405,381.79
345.504,381.79
345.606,389.68
345.706,381.79
345.803,381.79
345.906,381.79
346.005,381.79
346.107,381.79
346.205,381.79
346.306,381.79
346.405,381.79
346.505,381.79
346.605,389.68
346.708,381.79
346.803,381.79
346.905,381.79
347.005,381.79
347.105,381.79
347.204,381.79
347.305,381.79
347.405,381.79
347.505,381.79
347.604,381.79
347.705,381.79
347.805,377.82
347.904,389.68
348.004,381.79
348.108,381.79
348.202,381.79
348.305,381.79
348.404,381.79
348.503,381.79
348.604,381.79
348.704,381.79
348.805,381.79
348.904,381.79
349.000,381.79
349.105,377.82
349.204,389.68
349.307,381.79
349.404,381.79
349.503,381.79
349.609,381.79
349.701,381.79
349.804,381.79
349.903,381.79
350.004,381.79
350.105,381.79
350.205,381.79
350.304,381.79
350.404,381.79
350.505,381.79
350.604,381.79
350.704,389.68
350.803,341.74
350.902,266.01
351.004,242.20
351.105,235.36
351.204,182.60
351.303,182.60
351.404,176.94
351.503,174.56
351.603,169.07
351.702,174.56
351.802,174.56
351.904,174.56
352.003,174.56
352.103,174.56
352.202,174.56
352.303,174.56
352.400,174.56
352.500,174.56
352.600,174.56
352.701,174.56
352.800,174.56
352.900,174.56
353.000,169.07
353.099,173.66
353.199,174.56
353.299,174.56
353.397,174.56
353.498,173.66
353.597,174.56
353.696,174.56
353.797,176.94
353.895,174.56
353.995,174.56
354.096,174.56
354.195,174.56
354.295,176.94
354.395,174.56
354.494,174.56
354.595,174.56
354.693,174.56
354.793,173.66
354.894,176.94
354.990,174.56
355.093,174.56
355.192,174.56
355.290,176.94
355.392,174.56
355.491,174.56
355.590,174.56
355.693,176.94
355.788,174.56
355.888,174.56
355.991,169.07
356.087,174.56
356.189,174.56
356.290,176.94
356.388,169.07
356.490,169.07
356.588,176.94
356.687,174.56
356.789,169.07
356.888,174.56
356.985,174.56
357.088,169.07
357.187,169.07
357.285,169.07
357.387,169.07
357.487,169.07
357.585,169.07
357.688,169.07
357.787,169.07
357.886,169.96
357.988,169.07
358.084,174.56
358.186,174.56
358.285,169.07
358.383,169.07
358.485,169.07
358.585,169.07
358.683,169.96
358.784,169.96
358.886,169.07
358.981,174.56
359.083,169.96
359.184,176.94
359.280,176.94
359.384,169.07
359.483,174.56
359.579,169.07
359.680,169.07
359.784,169.07
359.880,169.07
359.982,169.07
360.083,169.07
360.181,174.56
360.281,153.21
360.381,109.29
360.479,69.79
360.579,43.15
360.679,25.86
360.779,18.29
360.879,11.44
360.980,10.20
361.080,10.06
361.181,10.06
361.280,10.06
361.379,10.06
361.480,10.06
361.580,10.06
361.680,10.06
361.779,10.06
361.879,10.06
361.978,10.06
362.080,10.06
362.178,10.06
362.279,10.06
362.378,10.06
362.479,10.06
362.577,10.06
362.677,10.06
362.778,10.06
362.877,10.06
362.977,10.06
363.076,10.06
363.177,10.06
363.277,10.06
363.378,10.06
363.475,10.06
363.576,10.06
363.676,10.06
363.776,10.06
363.876,10.06
363.976,10.06
364.075,10.06
364.175,10.06
364.275,10.06
364.375,10.06
364.474,10.06
364.575,9.39
364.674,9.05
364.774,9.05
364.874,9.05
364.974,8.93
365.073,9.05
365.171,9.05
365.274,5.38
365.373,9.13
365.472,12.62
365.573,11.44
365.672,12.62
365.772,12.62
365.872,12.62
365.973,12.62
366.074,12.62
366.172,12.62
366.273,12.62
366.371,12.62
366.472,12.21
366.570,12.62
366.671,12.62
366.770,12.21
366.870,12.21
366.972,12.62
367.071,12.62
367.171,12.62
367.271,12.62
367.370,12.62
367.470,12.21
367.569,12.21
367.670,11.83
367.764,12.62
367.867,11.44
367.969,12.62
368.070,12.62
368.170,12.62
368.269,12.62
368.370,12.21
368.470,12.62
368.568,12.62
368.669,12.62
368.770,12.62
368.868,12.21
368.968,12.21
369.069,12.21
369.168,11.44
369.267,11.44
369.367,11.44
369.468,12.21
369.568,11.44
369.666,11.44
369.769,11.44
369.868,11.44
369.967,11.44
370.067,11.44
370.167,11.44
370.268,11.44
370.369,12.21
370.465,11.44
370.566,11.44
370.668,15.46
370.766,24.33
370.867,38.39
370.967,56.17
371.066,76.56
371.165,94.75
371.265,100.74
371.365,104.00
371.466,104.64
371.564,104.64
371.666,104.64
371.765,104.64
371.865,104.00
371.966,104.00
372.064,104.64
372.165,106.33
372.265,109.71
372.364,104.00
372.463,104.64
372.565,104.64
372.664,104.00
372.764,104.64
372.864,104.64
372.965,104.64
373.064,104.64
373.164,104.64
373.263,104.00
373.364,104.64
373.464,104.64
373.564,104.64
373.665,104.64
373.762,104.64
373.863,104.64
373.963,104.64
374.063,104.00
374.163,104.64
374.263,104.64
374.364,104.00
374.463,104.00
374.563,104.00
374.663,104.64
374.762,104.00
374.860,104.00
374.962,104.00
375.061,104.00
375.163,104.00
375.263,104.64
375.361,148.68
375.461,186.58
375.562,217.21
375.662,265.56
375.763,274.18
375.862,320.59
375.962,310.18
376.062,369.53
376.162,356.64
376.263,365.65
376.362,365.65
376.461,365.65
376.562,369.53
376.661,369.53
376.762,365.65
376.861,369.53
376.960,369.53
377.062,369.53
377.163,369.53
377.261,369.53
377.362,369.53
377.462,369.53
377.561,369.53
377.662,369.53
377.761,369.53
377.861,369.53
377.961,369.53
378.061,369.53
378.161,369.53
378.260,369.53
378.359,369.53
378.461,369.53
378.561,369.53
378.660,369.53
378.760,369.53
378.860,369.53
378.958,369.53
379.061,369.53
379.162,369.53
379.260,369.53
379.361,369.53
379.459,369.53
379.560,369.53
379.660,369.53
379.760,369.53
379.860,369.53
379.959,369.53
380.059,369.53
380.159,369.53
380.260,369.53
380.361,482.99
380.458,452.45
380.559,469.29
380.659,513.71
380.758,480.11
380.860,513.71
380.958,497.63
381.052,525.20
381.161,499.44
381.259,497.63
381.358,499.44
381.457,499.44
381.558,497.63
381.658,499.44
381.759,499.44
381.859,499.44
381.959,499.44
382.059,499.44
382.157,497.63
382.258,497.63
382.358,499.44
382.457,499.44
382.558,497.63
382.658,497.63
382.757,492.88
382.857,497.63
382.955,497.63
383.058,499.44
383.155,499.44
383.259,499.44
383.357,492.88
383.456,499.44
383.556,499.44
383.657,499.44
383.755,499.44
383.858,497.63
383.956,499.44
384.056,499.44
384.158,499.44
384.255,499.44
384.357,499.44
384.456,499.44
384.556,499.44
384.655,499.44
384.757,499.44
384.856,499.44
384.957,499.44
385.057,508.87
385.154,580.28
385.253,648.01
385.356,600.14
385.455,644.51
385.553,644.51
385.658,631.34
385.754,652.35
385.853,644.51
385.955,705.21
386.054,668.01
386.155,665.81
386.253,660.05
386.355,660.05
386.455,660.05
386.553,660.05
386.655,660.05
386.753,660.05
386.856,660.05
386.954,660.05
387.053,660.05
387.154,660.05
387.255,660.05
387.355,660.05
387.454,660.05
387.556,660.05
387.653,660.05
387.755,665.81
387.854,660.05
387.954,660.05
388.056,660.05
388.154,660.05
388.256,668.01
388.353,660.05
388.452,660.05
388.553,660.05
388.655,660.05
388.753,660.05
388.855,660.05
388.954,660.05
389.056,660.05
389.154,660.05
389.253,660.05
389.354,660.05
389.448,660.05
389.556,660.05
389.653,660.05
389.753,660.05
389.853,660.05
389.954,660.05
390.052,660.05
390.152,765.68
390.251,765.68
390.353,744.66
390.453,738.45
390.553,744.66
390.652,738.45
390.752,738.45
390.855,738.45
390.952,787.09
391.050,744.66
391.152,738.45
391.251,738.45
391.353,738.45
391.451,738.45
391.552,738.45
391.654,738.45
391.749,738.45
391.855,738.45
391.952,738.45
392.053,738.45
392.152,738.45
392.254,738.45
392.351,738.45
392.453,738.45
392.552,738.45
392.653,738.45
392.753,738.45
392.852,738.45
392.952,738.45
393.053,738.45
393.153,738.45
393.252,738.45
393.352,738.45
393.451,738.45
393.552,738.45
393.652,738.45
393.752,738.45
393.852,738.45
393.951,738.45
394.054,738.45
394.152,738.45
394.253,738.45
394.352,738.45
394.451,738.45
394.550,738.45
394.650,738.45
394.752,738.45
394.853,738.45
394.950,744.66
395.050,738.45
395.150,738.45
395.251,738.45
395.352,849.50
395.450,802.34
395.550,804.83
395.653,811.41
395.748,811.41
395.853,811.41
395.951,849.50
396.047,824.42
396.150,802.34
396.250,811.41
396.350,811.41
396.450,811.41
396.549,811.41
396.653,811.41
396.750,811.41
396.852,811.41
396.950,811.41
397.051,811.41
397.150,811.41
397.251,811.41
397.350,811.41
397.450,811.41
397.551,811.41
397.652,811.41
397.750,811.41
397.850,811.41
397.950,811.41
398.052,811.41
398.145,811.41
398.251,811.41
398.349,811.41
398.448,811.41
398.550,811.41
398.651,811.41
398.749,811.41
398.853,811.41
398.949,811.41
399.052,811.41
399.149,811.41
399.248,811.41
399.350,811.41
399.448,811.41
399.549,811.41
399.651,811.41
399.749,811.41
399.849,833.66
399.949,902.84
400.049,926.73
400.147,900.15
400.248,951.03
400.350,909.94
400.447,972.91
400.548,933.95
400.649,923.98
400.747,923.98
400.849,923.98
400.949,923.98
401.050,923.98
401.148,923.98
401.249,923.98
401.348,923.98
401.448,923.98
401.546,923.98
401.648,923.98
401.749,923.98
401.848,923.98
401.948,923.98
402.049,923.98
402.148,923.98
402.248,923.98
402.349,923.98
402.447,923.98
402.549,923.98
402.639,923.98
402.750,923.98
402.848,923.98
402.948,923.98
403.044,923.98
403.145,923.98
403.243,923.98
403.349,923.98
403.447,923.98
403.549,923.98
403.635,923.98
403.752,923.98
403.844,923.98
403.948,923.98
404.046,923.98
404.141,923.98
404.244,923.98
404.349,923.98
404.444,923.98
404.548,923.98
404.636,923.98
404.751,923.98
404.847,923.98
404.947,923.98
405.046,923.98
405.145,923.98
405.243,923.98
405.348,923.98
405.442,923.98
405.548,923.98
405.638,1000.90
405.749,1026.48
405.847,1034.21
405.946,1031.25
406.045,1060.35
406.141,1049.50
406.245,1049.50
406.348,1083.87
406.441,1057.34
406.545,1057.34
406.635,1057.34
406.751,1057.34
406.843,1057.34
406.947,1057.34
407.047,1057.34
407.136,1057.34
407.245,1057.34
407.348,1057.34
407.441,1057.34
407.549,1057.34
407.640,1057.34
407.748,1057.34
407.847,1057.34
407.946,1057.34
408.045,1057.34
408.141,1057.34
408.245,1057.34
408.349,1057.34
408.441,1057.34
408.548,1057.34
408.633,1057.34
408.751,1057.34
408.847,1057.34
408.946,1057.34
409.045,1057.34
409.146,1057.34
409.239,1057.34
409.349,1057.34
409.435,1057.34
409.549,1057.34
409.633,1057.34
409.749,1057.34
409.848,1057.34
409.947,1057.34
410.041,1057.34
410.139,1057.34
410.245,1057.34
410.345,1057.34
410.433,1083.87
410.550,1146.52
410.632,1174.51
410.748,1194.40
410.840,1202.96
410.946,1191.15
411.043,1174.51
411.142,1174.51
411.247,1174.51
411.344,1174.51
411.442,1174.51
411.547,1174.51
411.634,1174.51
411.750,1174.51
411.845,1174.51
411.947,1174.51
412.045,1174.51
412.142,1174.51
412.243,1174.51
412.345,1174.51
412.441,1174.51
412.547,1174.51
412.636,1174.51
412.746,1174.51
412.843,1174.51
412.945,1174.51
413.043,1174.51
413.134,1174.51
413.246,1174.51
413.345,1174.51
413.437,1174.51
413.547,1174.51
413.633,1174.51
413.751,1174.51
413.842,1174.51
413.944,1174.51
414.043,1174.51
414.136,1174.51
414.246,1174.51
414.345,1174.51
414.440,1174.51
414.547,1174.51
414.632,1174.51
414.749,1174.51
414.842,1174.51
414.944,1174.51
415.042,1174.51
415.142,1174.51
415.242,1174.51
415.346,1249.03
415.440,1249.03
415.546,1287.61
415.636,1317.84
415.746,1317.84
415.841,1348.54
415.943,1348.54
416.043,1348.54
416.139,1348.54
416.242,1348.54
416.346,1348.54
416.441,1348.54
416.546,1348.54
416.635,1348.54
416.746,1348.54
416.843,1348.54
416.946,1348.54
417.041,1348.54
417.143,1348.54
417.240,1348.54
417.345,1348.54
417.440,1348.54
417.545,1348.54
417.630,1348.54
417.748,1348.54
417.846,1348.54
417.945,1348.54
418.042,1348.54
418.140,1348.54
418.242,1348.54
418.345,1348.54
418.442,1348.54
418.545,1348.54
418.634,1348.54
418.746,1348.54
418.843,1348.54
418.945,1348.54
419.040,1348.54
419.141,1348.54
419.242,1348.54
419.345,1348.54
419.439,1348.54
419.544,1348.54
419.627,1348.54
419.748,1348.54
419.844,1348.54
419.942,1348.54
420.041,1348.54
420.140,1389.13
420.241,1443.50
420.343,1476.12
420.439,1485.96
420.544,1485.96
420.631,1505.42
420.745,1505.42
420.839,1505.42
420.944,1505.42
421.044,1505.42
421.139,1505.42
421.234,1505.42
421.345,1505.42
421.442,1505.42
421.544,1505.42
421.631,1505.42
421.744,1505.42
421.845,1505.42
421.942,1505.42
422.040,1505.42
422.144,1505.42
422.231,1505.42
422.347,1505.42
422.439,1505.42
422.544,1505.42
422.632,1505.42
422.745,1505.42
422.846,1505.42
422.943,1505.42
423.037,1505.42
423.141,1505.42
423.245,1505.42
423.342,1505.42
423.440,1505.42
423.544,1505.42
423.631,1505.42
423.747,1505.42
423.841,1505.42
423.943,1505.42
424.038,1505.42
424.141,1505.42
424.239,1505.42
424.343,1505.42
424.440,1505.42
424.543,1505.42
424.633,1505.42
424.745,1505.42
424.842,1505.42
424.944,1505.42
425.032,1505.42
425.142,1505.42
425.241,1505.42
425.342,1505.42
425.442,1505.42
425.542,1505.42
425.629,1552.96
425.745,1583.27
425.839,1583.27
425.942,1617.95
426.040,1617.95
426.136,1628.41
426.239,1628.41
426.344,1617.95
426.438,1617.95
426.544,1617.95
426.628,1617.95
426.744,1617.95
426.840,1617.95
426.942,1617.95
427.038,1617.95
427.136,1617.95
427.243,1617.95
427.341,1617.95
427.440,1617.95
427.544,1617.95
427.629,1617.95
427.745,1617.95
427.837,1617.95
427.943,1617.95
428.042,1617.95
428.134,1617.95
428.239,1617.95
428.341,1617.95
428.439,1617.95
428.542,1617.95
428.628,1617.95
428.746,1617.95
428.834,1617.95
428.942,1617.95
429.042,1617.95
429.139,1617.95
429.237,1617.95
429.342,1617.95
429.439,1617.95
429.542,1617.95
429.628,1617.95
429.745,1617.95
429.841,1617.95
429.942,1617.95
430.041,1617.95
430.135,1617.95
430.242,1653.13
430.339,1688.82
430.437,1720.87
430.541,1735.95
430.629,1735.95
430.744,1735.95
430.841,1735.95
430.940,1735.95
431.038,1735.95
431.140,1735.95
431.236,1735.95
431.341,1735.95
431.441,1735.95
431.542,1735.95
431.627,1735.95
431.744,1731.78
431.833,1735.95
431.941,1735.95
432.039,1735.95
432.134,1731.78
432.239,1735.95
432.340,1735.95
432.437,1735.95
432.540,1731.78
432.628,1735.95
432.742,1735.95
432.839,1735.95
432.940,1735.95
433.034,1731.78
433.132,1735.95
433.239,1735.95
433.339,1735.95
433.434,1735.95
433.541,1735.95
433.626,1735.95
433.744,1735.95
433.832,1731.78
433.940,1731.78
434.037,1735.95
434.133,1731.78
434.233,1735.95
434.336,1735.95
434.442,1735.95
434.538,1735.95
434.627,1735.95
434.744,1735.95
434.838,1735.95
434.939,1731.78
435.033,1735.95
435.132,1735.95
435.237,1735.95
435.339,1735.95
435.432,1735.95
435.540,1772.81
435.626,1805.91
435.742,1805.91
435.837,1832.39
435.937,1843.76
436.034,1843.76
436.135,1843.76
436.232,1843.76
436.339,1843.76
436.436,1843.76
436.539,1843.76
436.628,1843.76
436.742,1843.76
436.837,1843.76
436.937,1843.76
437.038,1843.76
437.137,1843.76
437.230,1843.76
437.339,1843.76
437.436,1843.76
437.538,1843.76
437.627,1843.76
437.742,1843.76
437.837,1843.76
437.940,1843.76
438.034,1843.76
438.135,1843.76
438.236,1843.76
438.341,1843.76
438.435,1843.76
438.540,1843.76
438.628,1843.76
438.743,1843.76
438.838,1843.76
438.939,1843.76
439.037,1843.76
439.135,1843.76
439.234,1843.76
439.338,1843.76
439.434,1843.76
439.537,1843.76
439.625,1843.76
439.736,1843.76
439.842,1843.76
439.937,1843.76
440.037,1843.76
440.137,1843.76
440.234,1870.61
440.337,1882.14
440.434,1921.04
440.538,1921.04
440.625,1921.04
440.742,1921.04
440.833,1921.04
440.940,1921.04
441.038,1921.04
441.130,1921.04
441.242,1921.04
441.337,1921.04
441.432,1921.04
441.539,1921.04
441.624,1921.04
441.736,1921.04
441.842,1921.04
441.936,1921.04
442.030,1921.04
442.134,1921.04
442.236,1921.04
442.337,1921.04
442.435,1921.04
442.537,1921.04
442.626,1921.04
442.739,1921.04
442.835,1921.04
442.936,1921.04
443.031,1921.04
443.138,1921.04
443.229,1921.04
443.339,1921.04
443.427,1921.04
443.540,1921.04
443.624,1921.04
443.741,1921.04
443.836,1921.04
443.936,1921.04
444.034,1921.04
444.131,1921.04
444.233,1921.04
444.338,1921.04
444.431,1921.04
444.537,1921.04
444.626,1921.04
444.741,1921.04
444.834,1921.04
444.936,1921.04
445.029,1921.04
445.137,1921.04
445.232,1921.04
445.338,1921.04
445.428,1921.04
445.539,1921.04
445.624,1921.04
445.740,1960.47
445.832,1995.86
445.935,2000.45
446.031,2036.31
446.133,2040.96
446.232,2064.99
446.336,2064.99
446.434,2077.30
446.536,2064.99
446.623,2064.99
446.741,2077.30
446.833,2064.99
446.932,2077.30
447.029,2064.99
447.131,2064.99
447.232,2064.99
447.334,2064.99
447.435,2077.30
447.535,2077.30
447.628,2077.30
447.738,2064.99
447.833,2064.99
447.937,2077.30
448.029,2064.99
448.132,2077.30
448.233,2064.99
448.336,2064.99
448.429,2077.30
448.534,2064.99
448.623,2077.30
448.737,2077.30
448.830,2077.30
448.933,2077.30
449.030,2064.99
449.130,2077.30
449.232,2077.30
449.335,2064.99
449.431,2077.30
449.533,2077.30
449.625,2077.30
449.738,2077.30
449.826,2077.30
449.937,2077.30
450.030,2077.30
450.128,2064.99
450.235,2077.30
450.333,2077.30
450.427,2082.01
450.535,2082.01
450.624,2082.01
450.735,2082.01
450.825,2082.01
450.937,2082.01
451.027,2082.01
451.133,2082.01
451.232,2082.01
451.334,2082.01
451.429,2082.01
451.533,2082.01
451.623,2082.01
451.735,2082.01
451.831,2082.01
451.934,2082.01
452.032,2082.01
452.126,2082.01
452.233,2082.01
452.334,2082.01
452.431,2082.01
452.534,2082.01
452.622,2082.01
452.735,2082.01
452.832,2082.01
452.933,2082.01
453.032,2082.01
453.128,2082.01
453.230,2082.01
453.334,2082.01
453.430,2082.01
453.534,2082.01
453.626,2082.01
453.735,2082.01
453.830,2082.01
453.933,2082.01
454.030,2082.01
454.131,2082.01
454.229,2082.01
454.335,2082.01
454.431,2082.01
454.534,2082.01
454.622,2082.01
454.736,2082.01
454.831,2082.01
454.933,2082.01
455.022,2082.01
455.130,2082.01
455.227,2082.01
455.334,2082.01
455.428,2082.01
455.535,2082.01
455.626,2082.01
455.736,2082.01
455.832,2106.37
455.932,2106.37
456.027,2106.37
456.133,2106.37
456.227,2106.37
456.334,2106.37
456.429,2106.37
456.533,2106.37
456.623,2106.37
456.734,2106.37
456.823,2106.37
456.933,2106.37
457.028,2106.37
457.129,2106.37
457.228,2106.37
457.333,2106.37
457.430,2106.37
457.532,2106.37
457.624,2106.37
457.728,2106.37
457.831,2106.37
457.932,2106.37
458.028,2106.37
458.132,2106.37
458.231,2106.37
458.332,2106.37
458.424,2106.37
458.534,2106.37
458.622,2106.37
458.735,2106.37
458.829,2106.37
458.932,2106.37
459.026,2106.37
459.127,2106.37
459.227,2106.37
459.331,2106.37
459.429,2106.37
459.534,2106.37
459.622,2106.37
459.735,2106.37
459.829,2106.37
459.932,2106.37
460.029,2106.37
460.125,2106.37
460.232,2106.37
460.331,2082.01
460.420,2082.01
460.534,2082.01
460.619,2077.30
460.732,2077.30
460.831,2077.30
460.930,2077.30
461.030,2077.30
461.125,2077.30
461.228,2077.30
461.332,2077.30
461.429,2077.30
461.531,2077.30
461.625,2077.30
461.732,2077.30
461.829,2077.30
461.930,2077.30
462.025,2077.30
462.133,2077.30
462.229,2077.30
462.330,2077.30
462.428,2077.30
462.530,2077.30
462.619,2077.30
462.728,2077.30
462.832,2077.30
462.931,2077.30
463.029,2077.30
463.127,2077.30
463.227,2077.30
463.331,2077.30
463.423,2077.30
463.531,2077.30
463.620,2077.30
463.734,2077.30
463.830,2077.30
463.931,2077.30
464.030,2077.30
464.125,2077.30
464.222,2077.30
464.332,2077.30
464.424,2077.30
464.532,2077.30
464.622,2077.30
464.732,2077.30
464.825,2077.30
464.929,2077.30
465.030,2077.30
465.130,2077.30
465.230,2077.30
465.330,2077.30
465.423,2077.30
465.531,2077.30
465.623,2064.99
465.731,2064.99
465.829,2040.96
465.927,2036.31
466.026,2036.31
466.123,2024.16
466.223,2024.16
466.330,2024.16
466.425,2024.16
466.530,2024.16
466.624,2024.16
466.730,2024.16
466.828,2024.16
466.929,2024.16
467.029,2024.16
467.123,2024.16
467.229,2024.16
467.330,2024.16
467.424,2024.16
467.531,2024.16
467.617,2024.16
467.732,2024.16
467.829,2024.16
467.929,2000.45
468.026,2024.16
468.127,2024.16
468.230,2024.16
468.330,2024.16
468.428,2024.16
468.530,2024.16
468.616,2024.16
468.733,2024.16
468.827,2024.16
468.930,2024.16
469.033,2024.16
469.124,2024.16
469.224,2024.16
469.331,2024.16
469.428,2024.16
469.531,2024.16
469.622,2024.16
469.732,2024.16
469.825,2024.16
469.924,2024.16
470.033,2024.16
470.122,2024.16
470.231,2024.16
470.330,2024.16
470.424,2024.16
470.531,2024.16
470.622,2024.16
470.734,2024.16
470.830,2000.45
470.930,1960.47
471.027,1948.63
471.123,1948.63
471.231,1948.63
471.329,1944.12
471.427,1944.12
471.530,1948.63
471.618,1948.63
471.731,1948.63
471.829,1948.63
471.930,1948.63
472.030,1948.63
472.124,1948.63
472.230,1944.12
472.329,1948.63
472.427,1944.12
472.529,1948.63
472.615,1944.12
472.731,1944.12
472.820,1944.12
472.931,1944.12
473.025,1944.12
473.126,1944.12
473.232,1921.04
473.328,1921.04
473.426,1944.12
473.528,1921.04
473.616,1921.04
473.732,1921.04
473.824,1944.12
473.928,1921.04
474.026,1921.04
474.125,1921.04
474.228,1921.04
474.329,1921.04
474.426,1921.04
474.530,1921.04
474.615,1921.04
474.730,1948.63
474.818,1944.12
474.929,1944.12
475.022,1948.63
475.126,1948.63
475.219,1944.12
475.330,1921.04
475.425,1921.04
475.530,1882.14
475.621,1866.22
475.728,1843.76
475.821,1832.39
475.928,1794.70
476.027,1790.43
476.119,1790.43
476.231,1790.43
476.327,1790.43
476.424,1790.43
476.528,1768.59
476.616,1768.59
476.730,1768.59
476.822,1768.59
476.929,1790.43
477.024,1768.59
477.126,1768.59
477.220,1768.59
477.333,1790.43
477.424,1790.43
477.528,1790.43
477.616,1768.59
477.730,1768.59
477.822,1768.59
477.929,1790.43
478.023,1768.59
478.119,1768.59
478.231,1768.59
478.326,1790.43
478.415,1790.43
478.529,1768.59
478.619,1790.43
478.727,1768.59
478.818,1768.59
478.928,1768.59
479.027,1768.59
479.119,1790.43
479.225,1768.59
479.325,1790.43
479.420,1790.43
479.526,1790.43
479.615,1790.43
479.728,1768.59
479.825,1768.59
479.925,1768.59
480.021,1790.43
480.122,1790.43
480.217,1790.43
480.326,1790.43
480.419,1768.59
480.526,1757.53
480.620,1731.78
480.726,1720.87
480.822,1695.48
480.926,1684.73
481.018,1659.70
481.122,1659.70
481.225,1663.75
481.325,1649.10
481.419,1649.10
481.526,1659.70
481.618,1659.70
481.727,1649.10
481.818,1659.70
481.925,1649.10
482.022,1649.10
482.117,1649.10
482.221,1649.10
482.327,1649.10
482.420,1649.10
482.527,1659.70
482.615,1659.70
482.728,1659.70
482.818,1649.10
482.924,1649.10
483.022,1649.10
483.124,1649.10
483.224,1649.10
483.325,1649.10
483.422,1659.70
483.524,1649.10
483.618,1649.10
483.726,1649.10
483.819,1649.10
483.926,1649.10
484.024,1649.10
484.124,1649.10
484.224,1649.10
484.325,1649.10
484.418,1649.10
484.525,1649.10
484.615,1649.10
484.726,1649.10
484.818,1649.10
484.925,1649.10
485.017,1649.10
485.122,1649.10
485.218,1649.10
485.326,1649.10
485.419,1649.10
485.525,1649.10
485.617,1649.10
485.725,1649.10
485.817,1649.10
485.924,1649.10
486.019,1649.10
486.122,1628.41
486.219,1613.97
486.325,1579.34
486.415,1549.08
486.524,1545.22
486.616,1535.11
486.723,1535.11
486.823,1515.40
486.922,1515.40
487.012,1515.40
487.123,1515.40
487.214,1515.40
487.325,1515.40
487.416,1515.40
487.525,1515.40
487.614,1515.40
487.725,1515.40
487.823,1515.40
487.925,1515.40
488.021,1515.40
488.118,1515.40
488.218,1515.40
488.325,1515.40
488.414,1515.40
488.524,1515.40
488.617,1515.40
488.724,1515.40
488.817,1515.40
488.924,1515.40
489.017,1515.40
489.120,1515.40
489.213,1515.40
489.326,1515.40
489.420,1515.40
489.525,1515.40
489.616,1515.40
489.724,1515.40
489.821,1515.40
489.924,1515.40
490.018,1515.40
490.121,1515.40
490.225,1515.40
490.323,1515.40
490.422,1515.40
490.524,1515.40
490.623,1515.40
490.723,1515.40
490.824,1515.40
490.923,1511.59
491.021,1501.63
491.122,1478.45
491.225,1449.50
491.321,1436.13
491.421,1407.73
491.522,1407.73
491.624,1385.54
491.722,1404.11
491.822,1376.14
491.922,1385.54
492.021,1407.73
492.120,1407.73
492.224,1407.73
492.322,1407.73
492.423,1407.73
492.522,1407.73
492.623,1407.73
492.722,1407.73
492.823,1407.73
492.921,1407.73
493.023,1407.73
493.122,1407.73
493.222,1407.73
493.323,1407.73
493.422,1407.73
493.522,1407.73
493.622,1407.73
493.723,1407.73
493.823,1407.73
493.921,1407.73
494.023,1407.73
494.122,1407.73
494.223,1407.73
494.322,1407.73
494.421,1407.73
494.521,1407.73
494.622,1407.73
494.723,1407.73
494.822,1407.73
494.921,1407.73
495.021,1407.73
495.117,1407.73
495.224,1407.73
495.322,1407.73
495.422,1407.73
495.522,1407.73
495.622,1407.73
495.721,1407.73
495.821,1345.02
495.922,1317.84
496.021,1314.37
496.121,1284.19
496.221,1257.84
496.322,1245.68
496.421,1245.68
496.523,1245.68
496.623,1275.26
496.721,1287.61
496.822,1278.66
496.921,1278.66
497.021,1278.66
497.122,1287.61
497.223,1287.61
497.321,1278.66
497.421,1278.66
497.521,1287.61
497.624,1287.61
497.721,1278.66
497.824,1287.61
497.919,1278.66
498.024,1278.66
498.121,1275.26
498.222,1278.66
498.320,1278.66
498.421,1287.61
498.521,1278.66
498.623,1278.66
498.716,1278.66
498.827,1278.66
498.920,1278.66
499.022,1278.66
499.122,1278.66
499.224,1278.66
499.321,1278.66
499.421,1278.66
499.522,1278.66
499.622,1278.66
499.722,1278.66
499.822,1278.66
499.921,1278.66
500.024,1278.66
500.115,1245.68
500.226,1199.69
500.319,1191.15
500.419,1162.90
500.522,1135.09
500.619,1135.09
500.722,1107.74
500.820,1080.82
500.921,1083.87
501.021,1099.64
501.121,1099.64
501.221,1099.64
501.321,1099.64
501.420,1099.64
501.522,1099.64
501.623,1099.64
501.722,1083.87
501.822,1083.87
501.921,1083.87
502.021,1099.64
502.121,1099.64
502.221,1083.87
502.318,1099.64
502.421,1083.87
502.520,1083.87
502.622,1099.64
502.720,1099.64
502.821,1099.64
502.921,1083.87
503.021,1099.64
503.119,1099.64
503.222,1099.64
503.320,1099.64
503.420,1099.64
503.519,1099.64
503.621,1099.64
503.719,1083.87
503.820,1083.87
503.922,1083.87
504.021,1083.87
504.121,1083.87
504.221,1083.87
504.320,1083.87
504.421,1083.87
504.521,1083.87
504.620,1083.87
504.719,1083.87
504.819,1083.87
504.921,1083.87
505.020,1083.87
505.119,1083.87
505.220,1083.87
505.320,1083.87
505.419,1083.87
505.519,1083.87
505.620,1083.87
505.720,1083.87
505.819,1083.87
505.921,1099.64
506.020,1083.87
506.120,1028.31
506.219,980.37
506.319,970.08
506.419,931.19
506.519,876.72
506.619,900.15
506.720,879.37
506.817,900.15
506.918,900.15
507.022,900.15
507.118,900.15
507.220,900.15
507.320,900.15
507.418,900.15
507.521,900.15
507.620,900.15
507.719,900.15
507.819,900.15
507.920,900.15
508.020,900.15
508.119,900.15
508.219,900.15
508.320,900.15
508.419,900.15
508.519,900.15
508.620,900.15
508.720,900.15
508.820,900.15
508.920,900.15
509.018,900.15
509.120,900.15
509.219,900.15
509.319,900.15
509.415,900.15
509.521,900.15
509.619,900.15
509.720,900.15
509.818,900.15
509.919,900.15
510.021,876.72
510.118,831.10
510.220,787.09
510.319,802.34
510.418,789.56
510.517,804.83
510.620,824.42
510.717,811.41
510.818,811.41
510.920,824.42
511.018,811.41
511.118,824.42
511.220,804.83
511.317,804.83
511.418,811.41
511.518,811.41
511.618,804.83
511.718,804.83
511.818,804.83
511.917,804.83
512.021,804.83
512.118,804.83
512.217,804.83
512.317,824.42
512.416,811.41
512.518,804.83
512.617,824.42
512.717,804.83
512.818,804.83
512.918,804.83
513.016,804.83
513.118,811.41
513.218,804.83
513.317,804.83
513.417,804.83
513.518,811.41
513.617,811.41
513.712,804.83
513.812,804.83
513.909,811.41
514.011,824.42
514.125,811.41
514.213,811.41
514.317,811.41
514.415,804.83
514.512,804.83
514.617,804.83
514.717,811.41
514.813,804.83
514.917,783.10
515.016,747.04
515.116,720.26
515.214,732.28
515.317,740.82
515.416,740.82
515.516,694.13
515.615,732.28
515.716,734.63
515.816,734.63
515.916,734.63
516.018,734.63
516.116,734.63
516.216,734.63
516.316,734.63
516.416,734.63
516.517,734.63
516.616,734.63
516.716,734.63
516.816,734.63
516.917,734.63
517.016,734.63
517.117,734.63
517.220,734.63
517.317,734.63
517.416,734.63
517.516,734.63
517.617,734.63
517.715,734.63
517.817,734.63
517.916,734.63
518.016,734.63
518.115,734.63
518.217,734.63
518.316,734.63
518.417,734.63
518.515,734.63
518.616,734.63
518.716,734.63
518.819,734.63
518.916,734.63
519.016,734.63
519.116,734.63
519.217,734.63
519.316,734.63
519.415,734.63
519.517,734.63
519.618,734.63
519.715,734.63
519.815,734.63
519.916,734.63
520.015,734.63
520.116,734.63
520.218,734.63
520.316,734.63
520.415,734.63
520.516,734.63
520.616,734.63
520.714,734.63
520.816,652.96
520.914,691.86
521.017,650.79
521.114,678.06
521.217,678.06
521.316,637.54
521.414,658.68
521.515,664.44
521.614,624.47
521.716,637.54
521.815,637.54
521.915,643.17
522.014,643.17
522.114,643.17
522.215,637.54
522.315,643.17
522.414,643.17
522.515,637.54
522.616,643.17
522.713,643.17
522.815,643.17
522.915,643.17
523.016,643.17
523.115,643.17
523.216,643.17
523.314,643.17
523.415,643.17
523.514,637.54
523.614,637.54
523.716,643.17
523.814,643.17
523.915,643.17
524.015,637.54
524.114,637.54
524.215,637.54
524.315,637.54
524.414,637.54
524.515,637.54
524.617,637.54
524.713,637.54
524.814,637.54
524.916,637.54
525.016,637.54
525.114,637.54
525.215,637.54
525.314,539.48
525.414,493.56
525.515,507.72
525.614,496.50
525.713,496.50
525.815,510.71
525.914,510.71
526.015,510.71
526.113,512.56
526.215,510.71
526.313,505.89
526.412,510.71
526.514,510.71
526.615,510.71
526.713,510.71
526.814,510.71
526.914,510.71
527.012,510.71
527.114,510.71
527.215,505.89
527.313,505.89
527.414,510.71
527.513,510.71
527.614,510.71
527.712,510.71
527.812,510.71
527.914,510.71
528.015,510.71
528.113,510.71
528.212,510.71
528.313,510.71
528.413,510.71
528.513,510.71
528.614,505.89
528.712,510.71
528.813,510.71
528.913,510.71
529.015,510.71
529.113,510.71
529.214,510.71
529.313,510.71
529.413,510.71
529.512,510.71
529.613,505.89
529.712,510.71
529.814,505.89
529.912,505.89
530.013,505.89
530.113,510.71
530.213,463.65
530.308,436.64
530.413,404.94
530.512,389.68
530.613,389.68
530.713,358.09
530.808,367.12
530.913,358.09
531.016,354.28
531.112,354.28
531.212,354.28
531.312,358.09
531.412,354.28
531.512,358.09
531.613,358.09
531.713,358.09
531.814,358.09
531.912,358.09
532.014,358.09
532.112,358.09
532.214,358.09
532.312,358.09
532.412,358.09
532.513,358.09
532.615,358.09
532.712,354.28
532.812,358.09
532.913,358.09
533.011,358.09
533.112,354.28
533.215,358.09
533.312,358.09
533.410,358.09
533.513,358.09
533.612,358.09
533.713,358.09
533.815,358.09
533.912,358.09
534.011,358.09
534.113,354.28
534.212,354.28
534.311,358.09
534.411,354.28
534.511,354.28
534.616,352.84
534.712,354.28
534.809,358.09
534.911,358.09
535.011,358.09
535.112,354.28
535.212,354.28
535.312,354.28
535.410,358.09
535.510,358.09
535.611,344.04
535.711,284.24
535.811,236.47
535.911,206.54
536.010,173.66
536.110,152.39
536.211,125.70
536.311,127.61
536.411,115.19
536.512,115.19
536.611,115.19
536.711,115.19
536.812,115.19
536.912,115.19
537.011,115.19
537.112,115.19
537.211,115.19
537.312,115.88
537.410,115.19
537.509,115.88
537.611,115.88
537.713,115.88
537.811,115.88
537.913,115.19
538.010,115.88
538.105,115.19
538.210,115.88
538.302,115.19
538.413,115.19
538.511,115.19
538.611,115.19
538.704,115.19
538.815,115.19
538.905,115.19
539.015,115.19
539.111,115.19
539.212,115.19
539.310,115.19
539.408,115.19
539.510,115.19
539.608,115.19
539.709,115.19
539.811,115.19
539.910,115.19
540.011,115.19
540.111,115.19
540.210,115.19
540.310,115.19
540.409,115.19
540.509,115.19
540.611,111.70
540.710,84.60
540.809,48.68
540.910,34.96
541.009,24.09
541.109,15.46
541.209,13.77
541.308,11.44
541.410,11.29
541.510,11.29
541.611,11.44
541.710,11.29
541.814,11.29
541.906,11.29
542.010,11.29
542.109,11.29
542.210,11.44
542.309,11.29
542.410,11.44
542.508,11.44
542.611,11.44
542.711,11.44
542.809,11.44
542.911,11.44
543.010,11.44
543.111,11.44
543.210,11.44
543.310,11.44
543.409,11.44
543.510,11.44
543.611,11.44
543.709,11.44
543.810,11.44
543.910,11.44
544.009,11.29
544.109,11.44
544.209,11.29
544.309,11.29
544.408,11.29
544.508,11.44
544.607,11.29
544.710,11.29
544.810,11.44
544.910,11.29
545.009,11.44
545.109,11.29
545.208,11.29
545.308,11.29
545.411,11.29
545.509,10.20
545.609,10.20
545.710,7.09
545.808,6.20
545.909,6.10
546.008,7.95
546.107,9.93
546.209,11.29
546.308,12.62
546.408,12.62
546.510,15.10
546.608,16.89
546.709,18.62
546.809,18.62
546.907,18.62
547.010,18.62
547.109,18.62
547.210,18.41
547.309,16.89
547.408,16.89
547.510,16.89
547.610,16.89
547.709,16.89
547.808,16.89
547.910,14.21
548.009,10.34
548.107,8.11
548.207,9.31
548.308,10.34
548.409,10.34
548.508,10.34
548.610,10.34
548.710,10.34
548.808,10.34
548.907,9.65
549.009,9.31
549.107,9.65
549.208,9.65
549.311,10.34
549.406,9.65
549.509,10.34
549.609,10.34
549.708,10.34
549.807,10.34
549.903,10.34
