time;lux
0,017;1145,75
0,106;1145,75
0,209;1145,75
0,309;1145,75
0,409;1154,06
0,508;1145,75
0,61;1145,75
0,702;1145,75
0,818;1145,75
0,915;1148,91
1,01;1145,75
1,106;1145,75
1,204;1148,91
1,307;1145,75
1,418;1145,75
1,509;1145,75
1,617;1145,75
1,706;1145,75
1,817;1145,75
1,911;1145,75
2,012;1145,75
2,11;1145,75
2,212;1145,75
2,311;1129,53
2,414;1129,53
2,512;1121,33
2,612;1121,33
2,705;1121,33
2,816;1121,33
2,914;1121,33
3,014;1121,33
3,112;1121,33
3,204;1121,33
3,312;1121,33
3,415;1121,33
3,512;1121,33
3,615;1121,33
3,703;1124,45
3,814;1124,45
3,914;1124,45
4,013;1124,45
4,113;1121,33
4,212;1124,45
4,311;1121,33
4,412;1121,33
4,511;1124,45
4,614;1113,17
4,701;1116,28
4,816;1113,17
4,913;1113,17
5,014;1113,17
5,111;1097,27
5,211;1097,27
5,307;1097,27
5,414;1097,27
5,51;1097,27
5,614;1097,27
5,703;1097,27
5,816;1097,27
5,912;1097,27
6,015;1100,35
6,114;1100,35
6,215;1100,35
6,316;1100,35
6,411;1100,35
6,51;1100,35
6,615;1100,35
6,7;1100,35
6,817;1100,35
6,915;1100,35
7,014;1092,29
7,111;1092,29
7,212;1092,29
7,313;1092,29
7,407;1092,29
7,512;1092,29
7,612;1092,29
7,701;1092,29
7,817;1092,29
7,913;1092,29
8,015;1092,29
8,11;1092,29
8,21;1092,29
8,311;1092,29
8,405;1092,29
8,511;1092,29
8,614;1092,29
8,7;1092,29
8,816;1092,29
8,901;1092,29
9,015;1092,29
9,114;1092,29
9,21;1092,29
9,306;1092,29
9,421;1092,29
9,504;1092,29
9,614;1092,29
9,7;1092,29
9,815;1092,29
9,913;1092,29
10,013;1092,29
10,11;1092,29
10,207;1095,36
10,308;1095,36
10,414;1095,36
10,503;1095,36
10,614;1095,36
10,7;1095,36
10,815;1095,36
10,909;1095,36
11,015;1095,36
11,107;1095,36
11,204;1095,36
11,31;1095,36
11,412;1111,24
11,502;1111,24
11,613;1095,36
11,705;1095,36
11,813;1095,36
11,909;1095,36
12,012;1111,24
12,108;1111,24
12,209;1111,24
12,31;1111,24
12,413;1119,39
12,514;1119,39
12,607;1119,39
12,698;1119,39
12,815;1119,39
12,906;1119,39
13,013;1119,39
13,104;1119,39
13,204;1119,39
13,31;1119,39
13,411;1119,39
13,507;1119,39
13,605;1119,39
13,7;1119,39
13,812;1119,39
13,902;1119,39
14,013;1119,39
14,106;1135,51
14,209;1135,51
14,31;1135,51
14,411;1135,51
14,509;1135,51
14,613;1135,51
14,7;1135,51
14,813;1135,51
14,901;1135,51
15,013;1135,51
15,107;1143,78
15,206;1143,78
15,309;1143,78
15,411;1143,78
15,51;1143,78
15,611;1143,78
15,698;1143,78
15,812;1143,78
15,907;1143,78
16,01;1143,78
16,106;1143,78
16,21;1143,78
16,309;1143,78
16,411;1143,78
16,509;1143,78
16,611;1143,78
16,7;1143,78
16,813;1143,78
16,911;1143,78
17,009;1143,78
17,109;1143,78
17,207;1152,09
17,312;1152,09
17,411;1168,51
17,507;1168,51
17,61;1168,51
17,7;1168,51
17,812;1168,51
17,91;1168,51
18,009;1168,51
18,097;1168,51
18,208;1168,51
18,307;1168,51
18,41;1176,94
18,504;1176,94
18,61;1176,94
18,699;1176,94
18,811;1176,94
18,91;1176,94
19,008;1176,94
19,109;1176,94
19,205;1176,94
19,304;1176,94
19,406;1176,94
19,505;1173,72
19,609;1173,72
19,699;1173,72
19,809;1173,72
19,91;1173,72
20,007;1173,72
20,109;1173,72
20,207;1173,72
20,307;1173,72
20,412;1173,72
20,497;1173,72
20,604;1173,72
20,7;1173,72
20,81;1173,72
20,904;1173,72
21,01;1173,72
21,112;1173,72
21,208;1173,72
21,306;1173,72
21,411;1173,72
21,506;1173,72
21,609;1173,72
21,697;1173,72
21,812;1173,72
21,908;1173,72
22,007;1173,72
22,105;1173,72
22,207;1173,72
22,304;1173,72
22,41;1173,72
22,507;1173,72
22,609;1173,72
22,698;1173,72
22,812;1173,72
22,912;1173,72
23,009;1173,72
23,105;1173,72
23,208;1173,72
23,307;1173,72
23,408;1173,72
23,508;1173,72
23,609;1173,72
23,698;1173,72
23,812;1173,72
23,899;1173,72
24,012;1173,72
24,102;1173,72
24,206;1173,72
24,304;1173,72
24,409;1173,72
24,507;1173,72
24,609;1173,72
24,698;1173,72
24,812;1173,72
24,903;1173,72
25,01;1173,72
25,102;1173,72
25,206;1173,72
25,308;1170,51
25,408;1170,51
25,503;1170,51
25,61;1173,72
25,7;1173,72
25,81;1170,51
25,908;1154,06
26,008;1154,06
26,104;1154,06
26,205;1154,06
26,309;1154,06
26,408;1154,06
26,502;1154,06
26,609;1154,06
26,697;1154,06
26,811;1154,06
26,905;1154,06
27,008;1154,06
27,103;1154,06
27,21;1145,75
27,306;1154,06
27,407;1154,06
27,507;1145,75
27,608;1145,75
27,694;1145,75
27,812;1145,75
27,907;1145,75
28,008;1145,75
28,101;1145,75
28,203;1145,75
28,302;1145,75
28,411;1145,75
28,505;1145,75
28,608;1145,75
28,698;1145,75
28,81;1145,75
28,906;1145,75
29,009;1145,75
29,104;1145,75
29,205;1145,75
29,307;1145,75
29,409;1145,75
29,504;1145,75
29,609;1145,75
29,697;1145,75
29,81;1145,75
29,902;1145,75
30,009;1148,91
30,108;1145,75
30,201;1145,75
30,31;1148,91
30,407;1148,91
30,507;1148,91
30,605;1148,91
30,699;1148,91
30,81;1121,33
30,9;1124,45
31,006;1121,33
31,105;1124,45
31,207;1124,45
31,304;1121,33
31,406;1121,33
31,501;1121,33
31,609;1121,33
31,697;1121,33
31,811;1121,33
31,901;1121,33
32,009;1121,33
32,104;1121,33
32,207;1121,33
32,304;1121,33
32,407;1113,17
32,499;1121,33
32,609;1113,17
32,693;1113,17
32,81;1113,17
32,906;1113,17
33,007;1097,27
33,105;1097,27
33,201;1097,27
33,303;1097,27
33,407;1097,27
33,5;1097,27
33,61;1097,27
33,694;1097,27
33,809;1097,27
33,898;1097,27
34,01;1097,27
34,105;1097,27
34,202;1097,27
34,304;1097,27
34,406;1100,35
34,505;1100,35
34,607;1100,35
34,693;1100,35
34,809;1100,35
34,906;1100,35
35,007;1100,35
35,108;1092,29
35,203;1092,29
35,302;1092,29
35,408;1092,29
35,498;1092,29
35,608;1092,29
35,695;1092,29
35,809;1092,29
35,902;1092,29
36,006;1092,29
36,105;1092,29
36,205;1092,29
36,302;1092,29
36,407;1092,29
36,503;1092,29
36,607;1092,29
36,696;1092,29
36,808;1092,29
36,906;1092,29
37,005;1092,29
37,106;1092,29
37,201;1092,29
37,3;1092,29
37,407;1092,29
37,496;1092,29
37,609;1092,29
37,692;1092,29
37,81;1092,29
37,898;1092,29
38,007;1092,29
38,103;1092,29
38,2;1095,36
38,303;1095,36
38,407;1095,36
38,505;1095,36
38,606;1095,36
38,696;1095,36
38,808;1095,36
38,906;1095,36
39,005;1095,36
39,105;1095,36
39,2;1095,36
39,302;1095,36
39,405;1095,36
39,499;1095,36
39,61;1111,24
39,696;1111,24
39,807;1119,39
39,905;1111,24
40,004;1111,24
40,101;1119,39
40,203;1119,39
40,304;1119,39
40,405;1119,39
40,5;1119,39
40,605;1119,39
40,694;1119,39
40,808;1119,39
40,903;1119,39
41,006;1119,39
41,101;1119,39
41,201;1119,39
41,297;1119,39
41,406;1119,39
41,494;1119,39
41,608;1119,39
41,694;1119,39
41,807;1119,39
41,898;1119,39
42,007;1119,39
42,103;1119,39
42,196;1119,39
42,305;1119,39
42,404;1119,39
42,501;1119,39
42,606;1119,39
42,696;1119,39
42,806;1119,39
42,902;1119,39
43,005;1119,39
43,102;1119,39
43,201;1119,39
43,299;1119,39
43,404;1119,39
43,498;1119,39
43,606;1119,39
43,692;1119,39
43,807;1119,39
43,901;1119,39
44,005;1119,39
44,098;1119,39
44,205;1119,39
44,301;1119,39
44,404;1119,39
44,501;1119,39
44,604;1119,39
44,691;1119,39
44,807;1119,39
44,903;1119,39
45,004;1119,39
45,102;1119,39
45,204;1119,39
45,295;1119,39
45,406;1119,39
45,503;1119,39
45,604;1119,39
45,694;1135,51
45,803;1135,51
45,904;1135,51
46,002;1119,39
46,102;1119,39
46,198;1135,51
46,303;1135,51
46,402;1135,51
46,501;1135,51
46,602;1135,51
46,692;1143,78
46,804;1143,78
46,9;1143,78
47,003;1135,51
47,092;1135,51
47,199;1143,78
47,297;1143,78
47,403;1143,78
47,492;1143,78
47,605;1143,78
47,692;1143,78
47,806;1143,78
47,9;1143,78
48;1143,78
48,098;1143,78
48,198;1143,78
48,299;1143,78
48,404;1143,78
48,491;1143,78
48,606;1143,78
48,692;1143,78
48,805;1143,78
48,901;1168,51
49,001;1143,78
49,098;1168,51
49,2;1168,51
49,296;1168,51
49,404;1168,51
49,498;1168,51
49,603;1168,51
49,695;1168,51
49,802;1168,51
49,901;1168,51
50,001;1168,51
50,1;1168,51
50,199;1168,51
50,302;1168,51
50,402;1168,51
50,493;1168,51
50,604;1168,51
50,692;1176,94
50,804;1176,94
50,901;1176,94
51,001;1176,94
51,099;1176,94
51,198;1176,94
51,297;1176,94
51,404;1176,94
51,501;1176,94
51,595;1176,94
51,697;1176,94
51,804;1176,94
51,9;1173,72
52,001;1173,72
52,094;1173,72
52,201;1173,72
52,296;1173,72
52,403;1173,72
52,501;1173,72
52,602;1173,72
52,688;1173,72
52,806;1173,72
52,897;1173,72
53,003;1173,72
53,101;1173,72
53,197;1173,72
53,303;1173,72
53,402;1173,72
53,499;1173,72
53,603;1173,72
53,689;1173,72
53,807;1173,72
53,9;1173,72
54,002;1173,72
54,098;1173,72
54,2;1173,72
54,296;1173,72
54,402;1173,72
54,498;1173,72
54,604;1173,72
54,688;1173,72
54,806;1170,51
54,899;1170,51
55,001;1170,51
55,099;1170,51
55,195;1170,51
55,299;1170,51
55,402;1170,51
55,496;1170,51
55,603;1170,51
55,69;1170,51
55,803;1170,51
55,899;1170,51
56,001;1170,51
56,095;1154,06
56,195;1154,06
56,302;1154,06
56,401;1170,51
56,497;1154,06
56,601;1154,06
56,693;1154,06
56,803;1154,06
56,901;1154,06
57,001;1154,06
57,1;1154,06
57,195;1145,75
57,29;1145,75
57,404;1145,75
57,495;1145,75
57,602;1145,75
57,689;1145,75
57,803;1145,75
57,897;1145,75
58,001;1145,75
58,099;1145,75
58,194;1145,75
58,299;1145,75
58,402;1145,75
58,497;1145,75
58,601;1145,75
58,688;1145,75
58,802;1145,75
58,9;1145,75
59,001;1145,75
59,091;1145,75
59,197;1145,75
59,302;1145,75
59,399;1145,75
59,494;1129,53
59,601;1129,53
59,691;1121,33
59,801;1121,33
59,893;1121,33
60,003;1121,33
60,097;1121,33
60,196;1121,33
60,296;1121,33
60,401;1121,33
60,496;1121,33
60,6;1121,33
60,692;1113,17
60,802;1113,17
60,898;1121,33
60,998;1124,45
61,097;1113,17
61,194;1113,17
61,298;1097,27
61,398;1097,27
61,498;1097,27
61,599;1097,27
61,687;1097,27
61,802;1097,27
61,897;1100,35
61,999;1100,35
62,098;1100,35
62,194;1100,35
62,295;1100,35
62,399;1100,35
62,497;1100,35
62,6;1100,35
62,69;1100,35
62,801;1100,35
62,892;1100,35
63,001;1100,35
63,095;1100,35
63,196;1100,35
63,292;1092,29
63,4;1092,29
63,498;1092,29
63,599;1092,29
63,688;1100,35
63,8;1092,29
63,895;1092,29
63,998;1092,29
64,097;1092,29
64,197;1092,29
64,299;1092,29
64,399;1092,29
64,496;1092,29
64,6;1092,29
64,688;1092,29
64,801;1092,29
64,897;1092,29
64,998;1092,29
65,099;1092,29
65,19;1095,36
65,298;1095,36
65,398;1119,39
65,495;1119,39
65,599;1119,39
65,686;1119,39
65,803;1119,39
65,896;1119,39
65,997;1119,39
66,095;1119,39
66,197;1119,39
66,298;1119,39
66,399;1119,39
66,495;1119,39
66,6;1119,39
66,684;1119,39
66,802;1119,39
66,896;1119,39
66,997;1119,39
67,098;1119,39
67,193;1119,39
67,299;1119,39
67,397;1119,39
67,495;1119,39
67,599;1119,39
67,69;1119,39
67,801;1119,39
67,899;1119,39
67,997;1119,39
68,099;1119,39
68,191;1119,39
68,3;1119,39
68,398;1119,39
68,496;1135,51
68,596;1119,39
68,689;1135,51
68,799;1135,51
68,897;1135,51
68,998;1135,51
69,098;1135,51
69,194;1143,78
69,297;1143,78
69,398;1143,78
69,491;1143,78
69,6;1143,78
69,683;1143,78
69,803;1143,78
69,896;1143,78
69,998;1143,78
70,098;1143,78
70,197;1143,78
70,297;1143,78
70,396;1143,78
70,497;1143,78
70,597;1143,78
70,699;1168,51
70,796;1168,51
70,898;1168,51
70,997;1168,51
71,097;1168,51
71,197;1168,51
71,299;1168,51
71,397;1168,51
71,497;1168,51
71,597;1168,51
71,698;1168,51
71,797;1168,51
71,898;1168,51
71,996;1168,51
72,099;1168,51
72,197;1168,51
72,299;1168,51
72,397;1168,51
72,498;1168,51
72,597;1176,94
72,696;1176,94
72,797;1168,51
72,896;1176,94
72,994;1176,94
73,099;1176,94
73,196;1176,94
73,297;1176,94
73,397;1193,61
73,495;1193,61
73,596;1193,61
73,698;1193,61
73,796;1193,61
73,897;1193,61
73,996;1193,61
74,098;1193,61
74,197;1176,94
74,295;1173,72
74,396;1173,72
74,497;1173,72
74,596;1173,72
74,693;1173,72
74,795;1173,72
74,897;1173,72
74,998;1173,72
75,097;1173,72
75,197;1173,72
75,297;1173,72
75,397;1173,72
75,496;1173,72
75,596;1173,72
75,698;1173,72
75,795;1173,72
75,897;1173,72
75,996;1173,72
76,097;1173,72
76,196;1173,72
76,298;1173,72
76,396;1173,72
76,495;1173,72
76,596;1173,72
76,698;1173,72
76,795;1173,72
76,895;1173,72
76,996;1173,72
77,096;1173,72
77,195;1173,72
77,297;1170,51
77,395;1170,51
77,496;1170,51
77,595;1170,51
77,696;1173,72
77,794;1170,51
77,896;1154,06
77,994;1154,06
78,095;1154,06
78,195;1154,06
78,295;1154,06
78,395;1154,06
78,496;1145,75
78,594;1145,75
78,698;1145,75
78,795;1145,75
78,896;1145,75
78,994;1145,75
79,096;1145,75
79,195;1145,75
79,296;1145,75
79,396;1145,75
79,49;1145,75
79,593;1145,75
79,695;1148,91
79,795;1148,91
79,896;1148,91
79,993;1148,91
80,095;1148,91
80,194;1148,91
80,298;1148,91
80,395;1148,91
80,496;1148,91
80,595;1145,75
80,694;1145,75
80,796;1148,91
80,895;1129,53
80,994;1121,33
81,096;1121,33
81,195;1121,33
81,295;1124,45
81,39;1121,33
81,494;1121,33
81,595;1121,33
81,695;1121,33
81,795;1121,33
81,896;1121,33
81,993;1121,33
82,095;1121,33
82,194;1121,33
82,295;1121,33
82,394;1121,33
82,495;1124,45
82,593;1113,17
82,695;1116,28
82,793;1124,45
82,894;1116,28
82,993;1113,17
83,094;1113,17
83,194;1116,28
83,295;1097,27
83,393;1097,27
83,494;1097,27
83,594;1097,27
83,694;1097,27
83,793;1097,27
83,897;1100,35
83,993;1097,27
84,096;1100,35
84,193;1100,35
84,296;1100,35
84,394;1100,35
84,494;1100,35
84,594;1100,35
84,696;1100,35
84,794;1100,35
84,893;1100,35
84,994;1100,35
85,095;1100,35
85,194;1100,35
85,293;1100,35
85,394;1100,35
85,493;1100,35
85,594;1100,35
85,696;1092,29
85,792;1100,35
85,897;1100,35
85,993;1092,29
86,094;1092,29
86,193;1100,35
86,293;1092,29
86,392;1092,29
86,493;1092,29
86,593;1092,29
86,693;1092,29
86,792;1092,29
86,893;1092,29
86,994;1095,36
87,094;1092,29
87,192;1095,36
87,295;1092,29
87,391;1119,39
87,491;1119,39
87,593;1119,39
87,693;1119,39
87,792;1119,39
87,893;1119,39
87,993;1119,39
88,092;1119,39
88,192;1119,39
88,295;1119,39
88,393;1119,39
88,493;1119,39
88,591;1119,39
88,693;1119,39
88,792;1119,39
88,893;1119,39
88,993;1119,39
89,096;1119,39
89,192;1119,39
89,294;1119,39
89,393;1119,39
89,492;1119,39
89,592;1119,39
89,691;1119,39
89,791;1119,39
89,896;1119,39
89,992;1119,39
90,093;1119,39
90,193;1119,39
90,293;1119,39
90,392;1119,39
90,492;1119,39
90,594;1119,39
90,694;1135,51
90,79;1135,51
90,896;1135,51
90,991;1135,51
91,096;1135,51
91,192;1143,78
91,294;1135,51
91,39;1135,51
91,492;1135,51
91,592;1143,78
91,691;1143,78
91,793;1143,78
91,896;1143,78
91,992;1143,78
92,091;1143,78
92,19;1143,78
92,294;1143,78
92,391;1143,78
92,492;1143,78
92,592;1143,78
92,693;1143,78
92,79;1143,78
92,892;1143,78
92,991;1143,78
93,093;1143,78
93,191;1143,78
93,294;1168,51
93,391;1168,51
93,491;1168,51
93,592;1168,51
93,692;1168,51
93,788;1168,51
93,892;1168,51
93,991;1168,51
94,094;1168,51
94,191;1168,51
94,292;1168,51
94,391;1168,51
94,492;1168,51
94,59;1168,51
94,692;1168,51
94,791;1168,51
94,895;1168,51
94,991;1168,51
95,091;1176,94
95,19;1176,94
95,292;1176,94
95,391;1193,61
95,49;1176,94
95,591;1176,94
95,691;1176,94
95,79;1176,94
95,891;1176,94
95,991;1176,94
96,092;1176,94
96,19;1176,94
96,294;1176,94
96,391;1140,62
96,49;1148,91
96,59;1148,91
96,691;1148,91
96,791;1148,91
96,89;1148,91
96,991;1148,91
97,093;1148,91
97,19;1148,91
97,293;1148,91
97,39;1148,91
97,49;1148,91
97,589;1148,91
97,692;1148,91
97,79;1148,91
97,887;1148,91
97,99;1148,91
98,092;1148,91
98,191;1148,91
98,291;1148,91
98,389;1148,91
98,489;1148,91
98,59;1148,91
98,692;1148,91
98,79;1148,91
98,892;1148,91
98,99;1148,91
99,09;1148,91
99,192;1148,91
99,291;1148,91
99,39;1148,91
99,491;1148,91
99,588;1148,91
99,69;1148,91
99,791;1148,91
99,886;1148,91
99,991;1148,91
100,092;1148,91
100,189;1148,91
100,291;1148,91
100,39;1145,75
100,489;1148,91
100,59;1148,91
100,69;1148,91
100,788;1148,91
100,892;1148,91
100,99;1148,91
101,091;1148,91
101,189;1148,91
101,289;1148,91
101,39;1148,91
101,491;1148,91
101,589;1145,75
101,69;1145,75
101,788;1145,75
101,89;1145,75
101,988;1145,75
102,09;1145,75
102,188;1145,75
102,293;1145,75
102,389;1121,33
102,49;1121,33
102,588;1121,33
102,684;1121,33
102,791;1121,33
102,89;1121,33
102,99;1121,33
103,088;1121,33
103,191;1121,33
103,29;1121,33
103,391;1121,33
103,489;1121,33
103,59;1121,33
103,69;1121,33
103,79;1121,33
103,889;1121,33
103,99;1121,33
104,091;1121,33
104,189;1121,33
104,293;1121,33
104,39;1113,17
104,488;1097,27
104,588;1097,27
104,691;1097,27
104,789;1097,27
104,889;1097,27
104,989;1097,27
105,089;1097,27
105,19;1097,27
105,291;1097,27
105,389;1097,27
105,489;1097,27
105,589;1089,23
105,688;1089,23
105,79;1089,23
105,887;1089,23
105,989;1089,23
106,09;1089,23
106,189;1089,23
106,291;1089,23
106,388;1089,23
106,488;1089,23
106,589;1073,55
106,688;1073,55
106,79;1073,55
106,888;1073,55
106,988;1073,55
107,089;1073,55
107,187;1073,55
107,288;1073,55
107,389;1073,55
107,488;1073,55
107,588;1073,55
107,689;1065,63
107,788;1065,63
107,891;1076,58
107,988;1068,64
108,088;1068,64
108,188;1068,64
108,29;1068,64
108,389;1068,64
108,489;1068,64
108,588;1068,64
108,689;1068,64
108,788;1068,64
108,892;1068,64
108,988;1068,64
109,09;1068,64
109,185;1068,64
109,289;1068,64
109,389;1068,64
109,489;1068,64
109,588;1068,64
109,687;1068,64
109,79;1068,64
109,888;1068,64
109,989;1068,64
110,089;1068,64
110,188;1068,64
110,29;1068,64
110,388;1068,64
110,488;1068,64
110,587;1068,64
110,689;1068,64
110,788;1068,64
110,889;1068,64
110,988;1068,64
111,088;1068,64
111,188;1068,64
111,29;1068,64
111,388;1068,64
111,489;1084,27
111,588;1087,32
111,686;1084,27
111,786;1084,27
111,889;1084,27
111,988;1084,27
112,087;1084,27
112,188;1087,32
112,287;1084,27
112,387;1084,27
112,488;1084,27
112,588;1084,27
112,689;1087,32
112,788;1084,27
112,887;1084,27
112,988;1087,32
113,088;1087,32
113,187;1087,32
113,287;1084,27
113,381;1087,32
113,488;1087,32
113,587;1087,32
113,689;1087,32
113,788;1087,32
113,888;1095,36
113,987;1095,36
114,089;1095,36
114,188;1095,36
114,288;1095,36
114,386;1095,36
114,487;1095,36
114,588;1095,36
114,689;1095,36
114,788;1095,36
114,889;1111,24
114,986;1111,24
115,088;1111,24
115,186;1111,24
115,287;1111,24
115,387;1111,24
115,486;1111,24
115,586;1111,24
115,689;1111,24
115,788;1119,39
115,888;1119,39
115,987;1119,39
116,086;1119,39
116,187;1119,39
116,287;1119,39
116,387;1135,51
116,486;1135,51
116,587;1119,39
116,686;1119,39
116,787;1119,39
116,886;1119,39
116,986;1135,51
117,086;1135,51
117,186;1135,51
117,288;1135,51
117,386;1135,51
117,487;1135,51
117,586;1135,51
117,686;1143,78
117,786;1143,78
117,888;1143,78
117,986;1143,78
118,089;1143,78
118,187;1143,78
118,286;1143,78
118,381;1143,78
118,488;1143,78
118,586;1143,78
118,687;1143,78
118,785;1143,78
118,886;1143,78
118,985;1143,78
119,089;1143,78
119,187;1143,78
119,287;1143,78
119,384;1143,78
119,487;1143,78
119,585;1152,09
119,685;1152,09
119,787;1152,09
119,886;1152,09
119,98;1152,09
120,089;1168,51
120,184;1168,51
120,285;1165,31
120,385;1168,51
120,484;1165,31
120,585;1165,31
120,686;1165,31
120,785;1165,31
120,887;1148,91
120,984;1148,91
121,087;1148,91
121,184;1165,31
121,286;1165,31
121,384;1165,31
121,484;1165,31
121,584;1165,31
121,689;1148,91
121,784;1148,91
121,887;1148,91
121,984;1148,91
122,087;1148,91
122,184;1148,91
122,284;1148,91
122,385;1148,91
122,485;1148,91
122,585;1148,91
122,687;1148,91
122,786;1148,91
122,885;1148,91
122,984;1148,91
123,085;1148,91
123,185;1148,91
123,284;1148,91
123,385;1148,91
123,485;1148,91
123,584;1148,91
123,685;1148,91
123,784;1148,91
123,885;1148,91
123,979;1148,91
124,092;1148,91
124,183;1148,91
124,283;1148,91
124,386;1148,91
124,484;1148,91
124,583;1148,91
124,686;1148,91
124,784;1148,91
124,884;1148,91
124,983;1148,91
125,087;1148,91
125,185;1148,91
125,283;1148,91
125,385;1148,91
125,484;1148,91
125,584;1148,91
125,683;1148,91
125,783;1148,91
125,886;1148,91
125,984;1148,91
126,084;1148,91
126,184;1148,91
126,283;1148,91
126,384;1148,91
126,485;1148,91
126,583;1148,91
126,684;1148,91
126,784;1148,91
126,885;1148,91
126,984;1148,91
127,084;1145,75
127,182;1145,75
127,287;1145,75
127,383;1145,75
127,484;1121,33
127,584;1121,33
127,684;1140,62
127,782;1148,91
127,884;1148,91
127,983;1121,33
128,086;1124,45
128,183;1124,45
128,285;1121,33
128,382;1121,33
128,483;1121,33
128,583;1121,33
128,682;1121,33
128,783;1121,33
128,885;1121,33
128,983;1121,33
129,084;1121,33
129,183;1121,33
129,283;1121,33
129,384;1121,33
129,482;1121,33
129,584;1121,33
129,682;1121,33
129,783;1121,33
129,884;1124,45
129,982;1124,45
130,084;1124,45
130,181;1124,45
130,284;1124,45
130,383;1124,45
130,483;1113,17
130,582;1097,27
130,682;1097,27
130,782;1097,27
130,882;1097,27
130,982;1097,27
131,082;1097,27
131,183;1097,27
131,283;1097,27
131,382;1097,27
131,482;1097,27
131,582;1097,27
131,678;1097,27
131,781;1097,27
131,885;1097,27
131,981;1097,27
132,082;1089,23
132,181;1089,23
132,282;1089,23
132,382;1089,23
132,482;1089,23
132,582;1089,23
132,682;1089,23
132,781;1089,23
132,882;1089,23
132,983;1089,23
133,082;1089,23
133,18;1089,23
133,283;1089,23
133,382;1073,55
133,482;1073,55
133,583;1073,55
133,683;1073,55
133,781;1073,55
133,882;1073,55
133,983;1073,55
134,082;1073,55
134,181;1073,55
134,282;1073,55
134,383;1073,55
134,48;1073,55
134,582;1065,63
134,676;1065,63
134,784;1068,64
134,881;1076,58
134,981;1068,64
135,081;1068,64
135,181;1065,63
135,282;1065,63
135,38;1068,64
135,481;1068,64
135,583;1068,64
135,682;1068,64
135,781;1068,64
135,882;1068,64
135,981;1068,64
136,082;1068,64
136,181;1068,64
136,28;1068,64
136,381;1068,64
136,482;1068,64
136,581;1068,64
136,682;1068,64
136,781;1068,64
136,882;1068,64
136,98;1068,64
137,082;1068,64
137,178;1068,64
137,282;1068,64
137,381;1068,64
137,481;1068,64
137,582;1068,64
137,682;1068,64
137,781;1068,64
137,882;1068,64
137,981;1068,64
138,081;1068,64
138,181;1068,64
138,28;1068,64
138,381;1068,64
138,482;1068,64
138,581;1068,64
138,681;1068,64
138,781;1068,64
138,881;1068,64
138,981;1068,64
139,082;1068,64
139,18;1071,67
139,281;1087,32
139,381;1087,32
139,481;1087,32
139,582;1084,27
139,671;1087,32
139,777;1084,27
139,879;1087,32
139,98;1084,27
140,08;1084,27
140,18;1084,27
140,281;1087,32
140,379;1087,32
140,481;1087,32
140,581;1087,32
140,681;1087,32
140,78;1087,32
140,881;1087,32
140,98;1087,32
141,082;1087,32
141,181;1087,32
141,28;1087,32
141,38;1087,32
141,481;1087,32
141,582;1095,36
141,68;1095,36
141,779;1095,36
141,881;1095,36
141,979;1095,36
142,082;1095,36
142,18;1095,36
142,281;1095,36
142,38;1095,36
142,481;1095,36
142,58;1111,24
142,68;1111,24
142,779;1111,24
142,882;1111,24
142,98;1111,24
143,078;1111,24
143,18;1111,24
143,28;1111,24
143,379;1111,24
143,479;1111,24
143,581;1119,39
143,679;1119,39
143,781;1119,39
143,881;1119,39
143,979;1119,39
144,079;1119,39
144,179;1119,39
144,281;1119,39
144,379;1119,39
144,48;1119,39
144,58;1119,39
144,68;1119,39
144,779;1119,39
144,879;1135,51
144,979;1135,51
145,08;1119,39
145,179;1119,39
145,278;1135,51
145,379;1135,51
145,48;1135,51
145,578;1135,51
145,679;1135,51
145,779;1143,78
145,878;1143,78
145,979;1143,78
146,08;1143,78
146,177;1143,78
146,278;1143,78
146,38;1143,78
146,479;1143,78
146,579;1143,78
146,679;1143,78
146,779;1143,78
146,88;1143,78
146,978;1143,78
147,078;1143,78
147,178;1143,78
147,28;1143,78
147,378;1143,78
147,48;1143,78
147,579;1152,09
147,679;1168,51
147,777;1168,51
147,879;1168,51
147,978;1168,51
148,079;1152,09
148,177;1152,09
148,28;1148,91
148,379;1148,91
148,479;1148,91
148,578;1148,91
148,68;1148,91
148,778;1148,91
148,878;1148,91
148,978;1148,91
149,079;1148,91
149,178;1148,91
149,279;1148,91
149,377;1148,91
149,478;1148,91
149,579;1148,91
149,679;1148,91
149,778;1148,91
149,879;1148,91
149,978;1148,91
150,08;1148,91
150,172;1148,91
150,28;1148,91
150,376;1148,91
150,477;1148,91
150,578;1148,91
150,678;1148,91
150,778;1148,91
150,879;1148,91
150,978;1148,91
151,079;1148,91
151,179;1148,91
151,279;1148,91
151,377;1148,91
151,478;1148,91
151,579;1148,91
151,675;1148,91
151,781;1148,91
151,878;1148,91
151,977;1148,91
152,079;1148,91
152,179;1148,91
152,278;1148,91
152,377;1148,91
152,478;1148,91
152,578;1148,91
152,678;1148,91
152,779;1148,91
152,877;1148,91
152,977;1148,91
153,079;1148,91
153,178;1148,91
153,28;1148,91
153,379;1148,91
153,478;1148,91
153,577;1148,91
153,679;1148,91
153,778;1148,91
153,876;1148,91
153,98;1148,91
154,079;1148,91
154,176;1148,91
154,279;1148,91
154,378;1148,91
154,478;1148,91
154,575;1148,91
154,68;1148,91
154,778;1148,91
154,879;1148,91
154,978;1148,91
155,079;1148,91
155,178;1148,91
155,279;1148,91
155,378;1148,91
155,477;1148,91
155,578;1148,91
155,682;1145,75
155,775;1145,75
155,878;1148,91
155,976;1148,91
156,079;1148,91
156,179;1148,91
156,277;1148,91
156,378;1148,91
156,477;1148,91
156,577;1148,91
156,678;1148,91
156,776;1145,75
156,876;1145,75
156,977;1145,75
157,077;1145,75
157,177;1145,75
157,279;1145,75
157,377;1148,91
157,476;1145,75
157,575;1145,75
157,679;1145,75
157,776;1145,75
157,874;1145,75
157,979;1145,75
158,078;1145,75
158,176;1129,53
158,277;1137,47
158,375;1145,75
158,476;1137,47
158,575;1137,47
158,679;1145,75
158,775;1121,33
158,875;1137,47
158,976;1137,47
159,076;1129,53
159,176;1121,33
159,275;1121,33
159,377;1121,33
159,476;1121,33
159,576;1121,33
159,676;1121,33
159,776;1121,33
159,877;1121,33
159,976;1121,33
160,077;1121,33
160,175;1121,33
160,278;1121,33
160,376;1121,33
160,477;1121,33
160,575;1121,33
160,678;1121,33
160,777;1121,33
160,869;1121,33
160,978;1121,33
161,074;1121,33
161,167;1121,33
161,273;1121,33
161,377;1121,33
161,469;1121,33
161,577;1121,33
161,664;1124,45
161,778;1121,33
161,866;1121,33
161,978;1113,17
162,071;1121,33
162,172;1121,33
162,274;1113,17
162,373;1113,17
162,472;1097,27
162,575;1097,27
162,663;1097,27
162,778;1097,27
162,868;1097,27
162,977;1097,27
163,063;1097,27
163,172;1097,27
163,269;1097,27
163,377;1097,27
163,471;1097,27
163,576;1097,27
163,666;1097,27
163,777;1097,27
163,866;1097,27
163,976;1097,27
164,074;1089,23
164,167;1089,23
164,272;1089,23
164,374;1089,23
164,474;1089,23
164,575;1089,23
164,668;1089,23
164,778;1089,23
164,866;1089,23
164,976;1089,23
165,069;1089,23
165,171;1089,23
165,272;1089,23
165,374;1089,23
165,466;1073,55
165,575;1073,55
165,663;1073,55
165,778;1073,55
165,868;1073,55
165,977;1073,55
166,072;1073,55
166,17;1073,55
166,269;1073,55
166,374;1073,55
166,464;1089,23
166,575;1073,55
166,662;1073,55
166,768;1073,55
166,879;1073,55
166,974;1076,58
167,066;1076,58
167,17;1076,58
167,273;1073,55
167,372;1068,64
167,469;1068,64
167,576;1076,58
167,669;1076,58
167,776;1068,64
167,864;1068,64
167,977;1068,64
168,067;1068,64
168,165;1068,64
168,264;1068,64
168,377;1068,64
168,466;1068,64
168,577;1068,64
168,663;1068,64
168,776;1068,64
168,869;1068,64
168,976;1068,64
169,06;1068,64
169,176;1068,64
169,273;1068,64
169,373;1068,64
169,466;1068,64
169,574;1068,64
169,664;1068,64
169,776;1068,64
169,867;1068,64
169,975;1068,64
170,073;1068,64
170,168;1068,64
170,273;1068,64
170,374;1068,64
170,472;1068,64
170,573;1068,64
170,661;1068,64
170,775;1068,64
170,869;1068,64
170,974;1068,64
171,071;1068,64
171,169;1068,64
171,275;1068,64
171,374;1068,64
171,469;1068,64
171,572;1068,64
171,663;1068,64
171,774;1068,64
171,873;1068,64
171,974;1068,64
172,067;1068,64
172,172;1068,64
172,274;1068,64
172,371;1068,64
172,467;1068,64
172,572;1068,64
172,662;1068,64
172,775;1084,27
172,859;1084,27
172,976;1068,64
173,064;1084,27
173,169;1084,27
173,273;1084,27
173,372;1087,32
173,467;1087,32
173,573;1087,32
173,66;1084,27
173,775;1084,27
173,859;1084,27
173,975;1087,32
174,067;1087,32
174,171;1087,32
174,264;1087,32
174,372;1087,32
174,47;1087,32
174,572;1087,32
174,659;1087,32
174,775;1087,32
174,867;1087,32
174,971;1087,32
175,071;1087,32
175,167;1087,32
175,273;1087,32
175,371;1087,32
175,469;1087,32
175,571;1087,32
175,658;1087,32
175,776;1087,32
175,868;1095,36
175,971;1087,32
176,068;1095,36
176,171;1095,36
176,263;1095,36
176,372;1095,36
176,468;1095,36
176,573;1095,36
176,66;1095,36
176,774;1095,36
176,869;1095,36
176,971;1095,36
177,07;1111,24
177,169;1111,24
177,274;1111,24
177,371;1111,24
177,467;1111,24
177,573;1111,24
177,659;1111,24
177,773;1111,24
177,869;1111,24
177,971;1111,24
178,07;1111,24
178,163;1111,24
178,274;1111,24
178,367;1111,24
178,466;1111,24
178,571;1111,24
178,665;1111,24
178,774;1119,39
178,864;1119,39
178,97;1119,39
179,071;1119,39
179,163;1119,39
179,273;1119,39
179,371;1119,39
179,469;1119,39
179,571;1119,39
179,658;1119,39
179,774;1119,39
179,871;1135,51
179,97;1119,39
180,071;1119,39
180,169;1119,39
180,269;1135,51
180,366;1135,51
180,469;1135,51
180,572;1135,51
180,658;1135,51
180,774;1135,51
180,869;1135,51
180,97;1135,51
181,066;1135,51
181,168;1143,78
181,267;1143,78
181,369;1143,78
181,468;1143,78
181,572;1143,78
181,66;1143,78
181,771;1143,78
181,869;1143,78
181,971;1143,78
182,069;1143,78
182,16;1143,78
182,27;1143,78
182,37;1143,78
182,468;1143,78
182,569;1143,78
182,66;1152,09
182,773;1143,78
182,865;1143,78
182,971;1152,09
183,066;1168,51
183,167;1152,09
183,267;1168,51
183,369;1168,51
183,467;1168,51
183,571;1168,51
183,662;1168,51
183,772;1168,51
183,866;1168,51
183,97;1168,51
184,068;1168,51
184,164;1168,51
184,268;1168,51
184,368;1165,31
184,469;1165,31
184,57;1165,31
184,658;1165,31
184,772;1165,31
184,861;1165,31
184,971;1165,31
185,066;1148,91
185,167;1165,31
185,268;1165,31
185,368;1165,31
185,466;1165,31
185,569;1148,91
185,663;1148,91
185,772;1148,91
185,866;1148,91
185,97;1148,91
186,066;1148,91
186,165;1148,91
186,267;1148,91
186,368;1148,91
186,466;1148,91
186,571;1148,91
186,659;1148,91
186,772;1148,91
186,865;1148,91
186,971;1148,91
187,057;1148,91
187,168;1148,91
187,271;1148,91
187,37;1148,91
187,466;1148,91
187,57;1148,91
187,658;1148,91
187,773;1148,91
187,864;1148,91
187,97;1148,91
188,066;1148,91
188,168;1148,91
188,271;1148,91
188,369;1148,91
188,465;1148,91
188,569;1148,91
188,656;1148,91
188,772;1148,91
188,872;1148,91
188,969;1148,91
189,066;1148,91
189,17;1148,91
189,262;1148,91
189,37;1148,91
189,464;1148,91
189,569;1148,91
189,656;1148,91
189,772;1148,91
189,867;1148,91
189,968;1148,91
190,068;1148,91
190,165;1148,91
190,265;1148,91
190,37;1148,91
190,465;1148,91
190,569;1148,91
190,656;1148,91
190,771;1148,91
190,865;1148,91
190,968;1129,53
191,066;1121,33
191,166;1124,45
191,265;1132,67
191,368;1132,67
191,463;1148,91
191,569;1148,91
191,654;1124,45
191,769;1124,45
191,864;1124,45
191,968;1124,45
192,065;1124,45
192,168;1121,33
192,266;1121,33
192,369;1121,33
192,462;1121,33
192,569;1121,33
192,656;1124,45
192,768;1124,45
192,865;1124,45
192,969;1124,45
193,063;1124,45
193,167;1124,45
193,264;1124,45
193,369;1124,45
193,462;1124,45
193,569;1124,45
193,655;1124,45
193,772;1124,45
193,865;1124,45
193,966;1113,17
194,062;1113,17
194,167;1100,35
194,266;1097,27
194,366;1097,27
194,462;1097,27
194,568;1097,27
194,658;1097,27
194,769;1097,27
194,864;1097,27
194,965;1097,27
195,067;1097,27
195,162;1097,27
195,261;1097,27
195,368;1089,23
195,465;1089,23
195,566;1097,27
195,655;1097,27
195,771;1097,27
195,86;1089,23
195,967;1089,23
196,066;1089,23
196,162;1089,23
196,267;1089,23
196,366;1089,23
196,466;1073,55
196,565;1073,55
196,659;1089,23
196,767;1073,55
196,864;1073,55
196,966;1076,58
197,065;1076,58
197,16;1092,29
197,266;1076,58
197,365;1076,58
197,465;1076,58
197,566;1076,58
197,659;1076,58
197,768;1076,58
197,865;1076,58
197,966;1068,64
198,064;1068,64
198,164;1068,64
198,263;1068,64
198,367;1068,64
198,458;1068,64
198,567;1068,64
198,657;1068,64
198,768;1068,64
198,865;1068,64
198,966;1068,64
199,064;1068,64
199,163;1068,64
199,26;1068,64
199,367;1068,64
199,459;1068,64
199,568;1068,64
199,659;1068,64
199,767;1068,64
199,866;1068,64
199,966;1068,64
200,062;1068,64
200,162;1068,64
200,262;1068,64
200,367;1068,64
200,46;1068,64
200,567;1068,64
200,653;1068,64
200,769;1068,64
200,866;1068,64
200,964;1068,64
201,066;1068,64
201,163;1068,64
201,261;1068,64
201,367;1068,64
201,459;1068,64
201,567;1068,64
201,659;1068,64
201,767;1068,64
201,862;1068,64
201,965;1068,64
202,061;1068,64
202,16;1068,64
202,261;1071,67
202,366;1068,64
202,462;1071,67
202,565;1071,67
202,653;1071,67
202,769;1071,67
202,86;1071,67
202,966;1071,67
203,06;1071,67
203,162;1071,67
203,263;1071,67
203,366;1071,67
203,462;1071,67
203,566;1071,67
203,653;1071,67
203,77;1071,67
203,864;1071,67
203,965;1071,67
204,061;1071,67
204,162;1071,67
204,266;1087,32
204,364;1071,67
204,462;1087,32
204,565;1087,32
204,653;1087,32
204,768;1087,32
204,858;1087,32
204,967;1087,32
205,063;1087,32
205,165;1087,32
205,263;1087,32
205,365;1087,32
205,46;1087,32
205,566;1087,32
205,656;1087,32
205,767;1087,32
205,864;1087,32
205,964;1087,32
206,063;1087,32
206,163;1087,32
206,259;1087,32
206,367;1087,32
206,463;1087,32
206,565;1087,32
206,656;1087,32
206,767;1087,32
206,866;1087,32
206,964;1095,36
207,059;1095,36
207,161;1095,36
207,262;1095,36
207,365;1095,36
207,459;1095,36
207,565;1095,36
207,652;1095,36
207,769;1095,36
207,863;1095,36
207,963;1095,36
208,058;1095,36
208,164;1095,36
208,262;1095,36
208,366;1095,36
208,46;1095,36
208,564;1095,36
208,652;1095,36
208,768;1111,24
208,86;1111,24
208,965;1111,24
209,055;1111,24
209,164;1111,24
209,256;1111,24
209,366;1111,24
209,462;1111,24
209,565;1119,39
209,659;1119,39
209,766;1119,39
209,862;1119,39
209,963;1119,39
210,059;1119,39
210,159;1119,39
210,261;1119,39
210,364;1119,39
210,459;1119,39
210,563;1119,39
210,65;1119,39
210,766;1119,39
210,858;1119,39
210,966;1119,39
211,061;1119,39
211,162;1135,51
211,254;1119,39
211,366;1119,39
211,463;1119,39
211,564;1119,39
211,654;1119,39
211,763;1119,39
211,866;1119,39
211,963;1135,51
212,056;1135,51
212,163;1135,51
212,259;1135,51
212,365;1135,51
212,457;1135,51
212,565;1135,51
212,652;1135,51
212,765;1143,78
212,861;1143,78
212,963;1143,78
213,056;1143,78
213,16;1143,78
213,259;1143,78
213,364;1143,78
213,46;1143,78
213,563;1143,78
213,65;1143,78
213,766;1143,78
213,86;1143,78
213,962;1143,78
214,058;1143,78
214,161;1143,78
214,259;1143,78
214,363;1143,78
214,456;1152,09
214,564;1152,09
214,651;1152,09
214,766;1152,09
214,856;1152,09
214,966;1152,09
215,061;1152,09
215,156;1152,09
215,261;1168,51
215,363;1168,51
215,458;1168,51
215,562;1168,51
215,653;1168,51
215,766;1168,51
215,861;1168,51
215,962;1168,51
216,059;1168,51
216,16;1168,51
216,26;1165,31
216,362;1165,31
216,459;1165,31
216,563;1165,31
216,651;1148,91
216,764;1148,91
216,861;1165,31
216,962;1165,31
217,059;1148,91
217,158;1148,91
217,261;1148,91
217,362;1148,91
217,46;1148,91
217,563;1148,91
217,65;1148,91
217,767;1148,91
217,859;1148,91
217,964;1148,91
218,053;1148,91
218,162;1148,91
218,253;1148,91
218,366;1148,91
218,456;1148,91
218,564;1165,31
218,653;1148,91
218,763;1148,91
218,86;1148,91
218,963;1148,91
219,06;1148,91
219,158;1148,91
219,258;1148,91
219,364;1148,91
219,458;1148,91
219,564;1148,91
219,65;1148,91
219,764;1148,91
219,854;1148,91
219,964;1148,91
220,058;1148,91
220,157;1148,91
220,256;1148,91
220,363;1148,91
220,455;1148,91
220,563;1148,91
220,652;1148,91
220,764;1148,91
220,859;1148,91
220,961;1148,91
221,061;1148,91
221,161;1148,91
221,258;1148,91
221,362;1148,91
221,458;1148,91
221,562;1148,91
221,652;1145,75
221,763;1148,91
221,859;1148,91
221,96;1148,91
222,06;1148,91
222,157;1148,91
222,26;1148,91
222,362;1148,91
222,458;1148,91
222,561;1148,91
222,652;1148,91
222,764;1148,91
222,858;1145,75
222,961;1145,75
223,055;1145,75
223,155;1129,53
223,255;1129,53
223,361;1129,53
223,455;1121,33
223,562;1129,53
223,655;1132,67
223,762;1129,53
223,861;1121,33
223,958;1124,45
224,055;1121,33
224,155;1121,33
224,253;1121,33
224,361;1121,33
224,458;1124,45
224,56;1121,33
224,652;1121,33
224,761;1121,33
224,856;1121,33
224,96;1121,33
225,055;1121,33
225,158;1121,33
225,259;1121,33
225,36;1121,33
225,452;1121,33
225,561;1121,33
225,649;1121,33
225,764;1121,33
225,857;1121,33
225,962;1121,33
226,058;1121,33
226,159;1121,33
226,258;1121,33
226,361;1121,33
226,456;1121,33
226,561;1121,33
226,648;1124,45
226,762;1124,45
226,86;1124,45
226,958;1124,45
227,056;1124,45
227,16;1121,33
227,255;1124,45
227,36;1124,45
227,456;1124,45
227,559;1124,45
227,656;1113,17
227,76;1113,17
227,851;1121,33
227,96;1121,33
228,058;1121,33
228,157;1113,17
228,257;1121,33
228,359;1113,17
228,454;1113,17
228,56;1097,27
228,646;1097,27
228,76;1097,27
228,859;1097,27
228,957;1097,27
229,052;1097,27
229,152;1097,27
229,251;1097,27
229,36;1097,27
229,45;1097,27
229,56;1097,27
229,652;1097,27
229,76;1097,27
229,858;1097,27
229,959;1097,27
230,055;1097,27
230,158;1097,27
230,252;1097,27
230,358;1097,27
230,455;1097,27
230,561;1097,27
230,65;1097,27
230,759;1097,27
230,859;1097,27
230,957;1097,27
231,045;1097,27
231,159;1097,27
231,253;1097,27
231,359;1097,27
231,455;1097,27
231,559;1097,27
231,645;1097,27
231,76;1097,27
231,856;1097,27
231,958;1097,27
232,055;1097,27
232,159;1097,27
232,255;1097,27
232,358;1097,27
232,453;1097,27
232,558;1089,23
232,646;1089,23
232,759;1089,23
232,859;1089,23
232,958;1089,23
233,055;1089,23
233,152;1089,23
233,254;1089,23
233,359;1092,29
233,451;1089,23
233,559;1089,23
233,648;1089,23
233,759;1089,23
233,857;1089,23
233,958;1089,23
234,057;1089,23
234,155;1089,23
234,259;1089,23
234,356;1089,23
234,448;1089,23
234,559;1073,55
234,649;1089,23
234,759;1089,23
234,858;1089,23
234,956;1089,23
235,055;1092,29
235,153;1092,29
235,254;1092,29
235,359;1092,29
235,452;1092,29
235,559;1092,29
235,65;1073,55
235,758;1076,58
235,857;1076,58
235,956;1076,58
236,055;1076,58
236,15;1076,58
236,256;1076,58
236,357;1076,58
236,456;1076,58
236,557;1076,58
236,651;1076,58
236,758;1076,58
236,854;1076,58
236,957;1076,58
237,051;1068,64
237,153;1068,64
237,254;1068,64
237,358;1076,58
237,455;1076,58
237,558;1068,64
237,645;1068,64
237,758;1068,64
237,851;1068,64
237,958;1068,64
238,051;1068,64
238,152;1068,64
238,258;1068,64
238,357;1068,64
238,452;1068,64
238,559;1068,64
238,649;1068,64
238,76;1068,64
238,856;1068,64
238,955;1068,64
239,053;1068,64
239,156;1068,64
239,256;1068,64
239,357;1068,64
239,45;1068,64
239,558;1068,64
239,648;1068,64
239,757;1068,64
239,858;1068,64
239,956;1068,64
240,057;1068,64
240,149;1068,64
240,249;1068,64
240,359;1068,64
240,454;1068,64
240,557;1068,64
240,649;1068,64
240,759;1068,64
240,854;1068,64
240,956;1068,64
241,055;1068,64
241,15;1068,64
241,254;1068,64
241,357;1068,64
241,455;1068,64
241,555;1068,64
241,643;1068,64
241,76;1068,64
241,854;1068,64
241,957;1068,64
242,053;1068,64
242,144;1068,64
242,256;1068,64
242,356;1068,64
242,448;1068,64
242,557;1068,64
242,654;1068,64
242,757;1068,64
242,853;1068,64
242,956;1071,67
243,055;1071,67
243,148;1068,64
243,258;1068,64
243,356;1068,64
243,446;1068,64
243,558;1068,64
243,646;1068,64
243,758;1068,64
243,854;1071,67
243,955;1087,32
244,053;1087,32
244,148;1087,32
244,25;1071,67
244,355;1071,67
244,452;1071,67
244,555;1071,67
244,648;1087,32
244,756;1087,32
244,853;1087,32
244,955;1087,32
245,046;1087,32
245,151;1087,32
245,245;1095,36
245,356;1095,36
245,447;1095,36
245,556;1095,36
245,642;1095,36
245,756;1095,36
245,848;1095,36
245,956;1095,36
246,052;1095,36
246,152;1095,36
246,252;1095,36
246,355;1095,36
246,449;1095,36
246,556;1095,36
246,648;1095,36
246,756;1095,36
246,848;1095,36
246,957;1095,36
247,049;1095,36
247,154;1095,36
247,25;1095,36
247,356;1095,36
247,452;1095,36
247,554;1095,36
247,644;1095,36
247,757;1095,36
247,849;1095,36
247,957;1095,36
248,051;1095,36
248,153;1095,36
248,248;1095,36
248,358;1095,36
248,453;1095,36
248,556;1095,36
248,646;1095,36
248,756;1095,36
248,854;1095,36
248,954;1095,36
249,056;1095,36
249,155;1095,36
249,254;1095,36
249,354;1095,36
249,454;1095,36
249,554;1095,36
249,656;1095,36
249,754;1095,36
249,853;1095,36
249,954;1095,36
250,055;1095,36
250,154;1095,36
250,252;1095,36
250,355;1095,36
250,454;1095,36
250,552;1111,24
250,655;1111,24
250,75;1111,24
250,856;1111,24
250,953;1111,24
251,054;1111,24
251,153;1122,51
251,254;1119,39
251,353;1111,24
251,452;1111,24
251,555;1119,39
251,655;1122,51
251,753;1119,39
251,853;1119,39
251,954;1119,39
252,055;1119,39
252,153;1119,39
252,254;1119,39
252,349;1119,39
252,457;1119,39
252,552;1119,39
252,654;1119,39
252,753;1119,39
252,852;1119,39
252,954;1119,39
253,055;1119,39
253,153;1119,39
253,256;1119,39
253,354;1119,39
253,453;1119,39
253,553;1119,39
253,654;1119,39
253,752;1146,94
253,854;1143,78
253,952;1135,51
254,056;1135,51
254,153;1143,78
254,255;1146,94
254,352;1143,78
254,451;1143,78
254,554;1143,78
254,654;1143,78
254,753;1146,94
254,853;1146,94
254,954;1143,78
255,052;1143,78
255,155;1146,94
255,253;1146,94
255,353;1146,94
255,453;1143,78
255,551;1146,94
255,655;1146,94
255,753;1146,94
255,855;1155,26
255,952;1143,78
256,053;1143,78
256,153;1143,78
256,254;1143,78
256,353;1152,09
256,452;1168,51
256,552;1152,09
256,652;1152,09
256,753;1155,26
256,852;1152,09
256,953;1171,72
257,052;1171,72
257,152;1171,72
257,253;1171,72
257,353;1171,72
257,451;1171,72
257,554;1171,72
257,653;1171,72
257,752;1171,72
257,849;1171,72
257,953;1171,72
258,055;1171,72
258,153;1171,72
258,254;1171,72
258,353;1180,17
258,451;1140,62
258,551;1143,78
258,652;1143,78
258,751;1143,78
258,855;1143,78
258,951;1143,78
259,053;1152,09
259,15;1143,78
259,245;1143,78
259,35;1143,78
259,452;1143,78
259,552;1152,09
259,651;1152,09
259,752;1152,09
259,853;1152,09
259,951;1152,09
260,053;1152,09
260,15;1152,09
260,249;1152,09
260,353;1152,09
260,451;1152,09
260,552;1148,91
260,651;1152,09
260,752;1148,91
260,847;1148,91
260,952;1148,91
261,053;1148,91
261,151;1148,91
261,254;1148,91
261,352;1148,91
261,451;1148,91
261,551;1148,91
261,653;1148,91
261,749;1148,91
261,852;1148,91
261,951;1148,91
262,054;1148,91
262,15;1148,91
262,253;1148,91
262,35;1148,91
262,451;1148,91
262,552;1148,91
262,651;1148,91
262,75;1148,91
262,853;1148,91
262,95;1148,91
263,053;1148,91
263,151;1148,91
263,25;1148,91
263,351;1148,91
263,45;1148,91
263,551;1148,91
263,65;1148,91
263,75;1148,91
263,853;1148,91
263,95;1148,91
264,055;1148,91
264,151;1148,91
264,253;1148,91
264,351;1148,91
264,451;1148,91
264,549;1148,91
264,651;1148,91
264,751;1148,91
264,852;1148,91
264,95;1148,91
265,049;1148,91
265,152;1148,91
265,253;1148,91
265,35;1148,91
265,45;1148,91
265,551;1148,91
265,651;1148,91
265,751;1148,91
265,852;1148,91
265,95;1148,91
266,053;1148,91
266,15;1148,91
266,252;1148,91
266,35;1148,91
266,45;1148,91
266,549;1148,91
266,652;1148,91
266,75;1148,91
266,854;1148,91
266,95;1148,91
267,052;1148,91
267,15;1148,91
267,25;1148,91
267,351;1148,91
267,45;1148,91
267,549;1148,91
267,648;1148,91
267,75;1129,53
267,85;1132,67
267,949;1148,91
268,051;1132,67
268,146;1132,67
268,251;1121,33
268,349;1132,67
268,449;1132,67
268,549;1148,91
268,651;1148,91
268,748;1132,67
268,849;1124,45
268,949;1124,45
269,051;1124,45
269,148;1132,67
269,249;1132,67
269,348;1124,45
269,447;1124,45
269,55;1124,45
269,648;1124,45
269,75;1124,45
269,85;1124,45
269,947;1124,45
270,049;1124,45
270,148;1124,45
270,251;1124,45
270,348;1124,45
270,449;1124,45
270,549;1124,45
270,65;1124,45
270,747;1124,45
270,85;1124,45
270,949;1124,45
271,051;1124,45
271,147;1124,45
271,251;1124,45
271,349;1124,45
271,447;1108,44
271,546;1108,44
271,649;1108,44
271,743;1108,44
271,848;1097,27
271,947;1100,35
272,05;1100,35
272,147;1100,35
272,25;1100,35
272,348;1100,35
272,447;1097,27
272,547;1097,27
272,65;1100,35
272,746;1100,35
272,849;1097,27
272,946;1089,23
273,047;1089,23
273,147;1089,23
273,249;1089,23
273,348;1073,55
273,445;1073,55
273,547;1073,55
273,65;1073,55
273,747;1076,58
273,842;1073,55
273,948;1073,55
274,048;1073,55
274,148;1073,55
274,248;1073,55
274,348;1073,55
274,447;1065,63
274,546;1068,64
274,649;1076,58
274,746;1076,58
274,847;1076,58
274,948;1068,64
275,048;1068,64
275,148;1068,64
275,247;1068,64
275,348;1068,64
275,448;1068,64
275,548;1068,64
275,651;1068,64
275,747;1068,64
275,85;1068,64
275,949;1068,64
276,048;1068,64
276,147;1068,64
276,25;1068,64
276,346;1068,64
276,448;1068,64
276,549;1068,64
276,645;1068,64
276,748;1068,64
276,848;1068,64
276,948;1068,64
277,048;1068,64
277,148;1068,64
277,252;1068,64
277,348;1068,64
277,449;1068,64
277,548;1068,64
277,65;1068,64
277,748;1068,64
277,848;1068,64
277,948;1071,67
278,048;1071,67
278,147;1071,67
278,251;1068,64
278,345;1071,67
278,447;1071,67
278,548;1071,67
278,65;1071,67
278,745;1071,67
278,848;1071,67
278,946;1071,67
279,048;1071,67
279,147;1071,67
279,247;1071,67
279,348;1071,67
279,446;1071,67
279,548;1071,67
279,648;1071,67
279,747;1071,67
279,848;1071,67
279,947;1071,67
280,049;1071,67
280,146;1071,67
280,247;1071,67
280,346;1071,67
280,447;1071,67
280,545;1071,67
280,648;1071,67
280,746;1071,67
280,848;1071,67
280,941;1071,67
281,051;1087,32
281,145;1087,32
281,247;1087,32
281,345;1087,32
281,446;1087,32
281,548;1087,32
281,646;1087,32
281,745;1087,32
281,848;1087,32
281,946;1087,32
282,046;1087,32
282,148;1087,32
282,246;1087,32
282,346;1087,32
282,447;1087,32
282,546;1087,32
282,647;1087,32
282,746;1087,32
282,848;1087,32
282,946;1087,32
283,049;1087,32
283,147;1095,36
283,245;1095,36
283,347;1095,36
283,444;1087,32
283,545;1095,36
283,647;1095,36
283,745;1095,36
283,844;1095,36
283,945;1095,36
284,046;1095,36
284,145;1095,36
284,25;1095,36
284,346;1095,36
284,446;1095,36
284,541;1111,24
284,646;1111,24
284,746;1111,24
284,847;1111,24
284,945;1111,24
285,046;1111,24
285,146;1119,39
285,246;1119,39
285,346;1119,39
285,445;1119,39
285,545;1119,39
285,646;1119,39
285,745;1119,39
285,848;1119,39
285,946;1119,39
286,045;1119,39
286,146;1119,39
286,245;1119,39
286,345;1119,39
286,445;1119,39
286,546;1119,39
286,648;1119,39
286,745;1119,39
286,845;1119,39
286,947;1119,39
287,044;1119,39
287,145;1135,51
287,244;1143,78
287,344;1135,51
287,444;1135,51
287,546;1135,51
287,644;1143,78
287,745;1143,78
287,846;1143,78
287,943;1143,78
288,045;1143,78
288,143;1143,78
288,245;1143,78
288,345;1143,78
288,444;1143,78
288,545;1143,78
288,647;1143,78
288,745;1143,78
288,844;1143,78
288,945;1143,78
289,046;1143,78
289,145;1143,78
289,246;1143,78
289,344;1143,78
289,445;1143,78
289,545;1143,78
289,647;1152,09
289,743;1152,09
289,844;1152,09
289,945;1152,09
290,045;1152,09
290,146;1152,09
290,245;1152,09
290,344;1152,09
290,446;1152,09
290,545;1152,09
290,645;1152,09
290,745;1152,09
290,846;1152,09
290,946;1152,09
291,046;1148,91
291,143;1148,91
291,247;1148,91
291,344;1148,91
291,445;1148,91
291,545;1148,91
291,645;1148,91
291,745;1148,91
291,846;1148,91
291,945;1148,91
292,045;1148,91
292,143;1148,91
292,245;1148,91
292,344;1148,91
292,446;1148,91
292,543;1148,91
292,645;1148,91
292,745;1148,91
292,846;1148,91
292,944;1148,91
293,045;1148,91
293,145;1148,91
293,247;1148,91
293,346;1148,91
293,444;1148,91
293,544;1148,91
293,646;1148,91
293,744;1148,91
293,845;1148,91
293,945;1148,91
294,045;1148,91
294,143;1148,91
294,247;1148,91
294,344;1148,91
294,445;1148,91
294,547;1148,91
294,644;1148,91
294,745;1148,91
294,845;1148,91
294,943;1148,91
295,045;1148,91
295,145;1148,91
295,245;1148,91
295,346;1148,91
295,445;1148,91
295,544;1148,91
295,648;1148,91
295,745;1148,91
295,845;1148,91
295,943;1148,91
296,047;1145,75
296,143;1148,91
296,245;1148,91
296,345;1148,91
296,444;1148,91
296,543;1145,75
296,643;1145,75
296,744;1148,91
296,844;1145,75
296,943;1145,75
297,043;1129,53
297,142;1148,91
297,245;1132,67
297,342;1148,91
297,443;1129,53
297,543;1129,53
297,642;1129,53
297,742;1132,67
297,845;1132,67
297,943;1129,53
298,046;1121,33
298,142;1132,67
298,242;1132,67
298,342;1132,67
298,444;1132,67
298,542;1124,45
298,642;1124,45
298,743;1124,45
298,843;1132,67
298,941;1124,45
299,045;1124,45
299,142;1124,45
299,244;1124,45
299,342;1124,45
299,442;1124,45
299,542;1121,33
299,642;1121,33
299,742;1124,45
299,845;1121,33
299,942;1121,33
300,043;1121,33
300,14;1124,45
300,244;1124,45
300,341;1124,45
300,442;1124,45
300,541;1124,45
300,643;1124,45
300,742;1124,45
300,842;1124,45
300,941;1124,45
301,042;1124,45
301,141;1124,45
301,242;1124,45
301,341;1124,45
301,441;1124,45
301,542;1105,35
301,643;1097,27
301,74;1108,44
301,842;1097,27
301,941;1097,27
302,043;1097,27
302,141;1097,27
302,245;1097,27
302,341;1097,27
302,436;1100,35
302,542;1100,35
302,643;1097,27
302,741;1100,35
302,84;1100,35
302,942;1116,28
303,042;1100,35
303,137;1097,27
303,242;1097,27
303,341;1100,35
303,44;1097,27
303,538;1097,27
303,64;1097,27
303,741;1097,27
303,84;1097,27
303,94;1097,27
304,04;1097,27
304,139;1097,27
304,239;1097,27
304,341;1100,35
304,438;1097,27
304,54;1097,27
304,641;1089,23
304,739;1100,35
304,84;1092,29
304,94;1092,29
305,04;1089,23
305,138;1089,23
305,241;1089,23
305,34;1073,55
305,44;1089,23
305,538;1073,55
305,639;1073,55
305,74;1073,55
305,84;1076,58
305,936;1073,55
306,039;1073,55
306,139;1073,55
306,239;1073,55
306,34;1073,55
306,44;1073,55
306,54;1073,55
306,639;1073,55
306,739;1073,55
306,839;1073,55
306,94;1076,58
307,038;1076,58
307,14;1073,55
307,239;1076,58
307,338;1076,58
307,439;1076,58
307,539;1076,58
307,64;1068,64
307,737;1068,64
307,839;1068,64
307,94;1068,64
308,04;1068,64
308,138;1068,64
308,24;1068,64
308,339;1068,64
308,44;1068,64
308,539;1068,64
308,638;1068,64
308,739;1068,64
308,839;1068,64
308,939;1068,64
309,039;1068,64
309,137;1068,64
309,24;1068,64
309,339;1068,64
309,438;1068,64
309,538;1068,64
309,64;1068,64
309,739;1068,64
309,839;1068,64
309,94;1068,64
310,038;1068,64
310,139;1068,64
310,24;1068,64
310,34;1068,64
310,438;1068,64
310,538;1068,64
310,64;1068,64
310,739;1071,67
310,838;1071,67
310,938;1071,67
311,038;1071,67
311,134;1071,67
311,241;1071,67
311,336;1071,67
311,44;1071,67
311,538;1071,67
311,639;1071,67
311,737;1071,67
311,839;1071,67
311,938;1071,67
312,039;1071,67
312,136;1071,67
312,239;1071,67
312,338;1071,67
312,437;1071,67
312,538;1087,32
312,638;1087,32
312,738;1087,32
312,838;1087,32
312,939;1087,32
313,039;1087,32
313,137;1087,32
313,239;1087,32
313,338;1087,32
313,438;1087,32
313,539;1095,36
313,638;1087,32
313,737;1087,32
313,838;1087,32
313,939;1095,36
314,037;1095,36
314,139;1095,36
314,238;1095,36
314,338;1095,36
314,439;1095,36
314,537;1095,36
314,638;1095,36
314,738;1095,36
314,839;1095,36
314,938;1111,24
315,036;1111,24
315,137;1111,24
315,237;1111,24
315,337;1111,24
315,437;1119,39
315,536;1111,24
315,637;1119,39
315,737;1119,39
315,838;1119,39
315,937;1119,39
316,033;1119,39
316,139;1119,39
316,237;1119,39
316,337;1119,39
316,438;1119,39
316,537;1119,39
316,633;1119,39
316,738;1119,39
316,838;1119,39
316,937;1135,51
317,036;1135,51
317,137;1119,39
317,237;1119,39
317,337;1119,39
317,436;1143,78
317,537;1143,78
317,638;1143,78
317,736;1143,78
317,838;1143,78
317,937;1143,78
318,037;1143,78
318,136;1143,78
318,237;1143,78
318,337;1143,78
318,437;1143,78
318,536;1143,78
318,637;1143,78
318,736;1143,78
318,837;1143,78
318,938;1152,09
319,036;1152,09
319,136;1152,09
319,237;1152,09
319,338;1152,09
319,436;1168,51
319,537;1152,09
319,637;1152,09
319,735;1152,09
319,838;1152,09
319,937;1196,86
320,037;1196,86
320,136;1228,97
320,237;1208,7
320,337;1208,7
320,436;1208,7
320,535;1208,7
320,637;1208,7
320,736;1208,7
320,837;1208,7
320,937;1208,7
321,037;1208,7
321,135;1208,7
321,238;1208,7
321,336;1208,7
321,437;1208,7
321,535;1208,7
321,637;1208,7
321,737;1208,7
321,838;1208,7
321,936;1208,7
322,038;1208,7
322,136;1208,7
322,236;1208,7
322,338;1208,7
322,435;1208,7
322,538;1208,7
322,637;1208,7
322,735;1208,7
322,838;1208,7
322,938;1217,32
323,036;1217,32
323,137;1217,32
323,238;1217,32
323,336;1217,32
323,437;1234,36
323,536;1234,36
323,633;1234,36
323,738;1234,36
323,838;1234,36
323,936;1217,32
324,037;1217,32
324,135;1217,32
324,236;1217,32
324,337;1217,32
324,436;1217,32
324,535;1217,32
324,636;1217,32
324,736;1217,32
324,838;1217,32
324,936;1217,32
325,038;1217,32
325,135;1217,32
325,236;1217,32
325,338;1217,32
325,434;1217,32
325,537;1217,32
325,637;1217,32
325,735;1217,32
325,838;1217,32
325,936;1217,32
326,037;1217,32
326,136;1217,32
326,238;1217,32
326,336;1217,32
326,437;1214,03
326,535;1214,03
326,637;1205,42
326,735;1205,42
326,838;1205,42
326,935;1205,42
327,038;1205,42
327,134;1205,42
327,239;1214,03
327,335;1205,42
327,436;1205,42
327,535;1214,03
327,636;1214,03
327,736;1214,03
327,836;1205,42
327,934;1205,42
328,037;1205,42
328,134;1205,42
328,237;1205,42
328,336;1205,42
328,436;1188,65
328,534;1188,65
328,636;1188,65
328,735;1188,65
328,836;1188,65
328,934;1188,65
329,036;1188,65
329,136;1188,65
329,235;1188,65
329,334;1188,65
329,436;1188,65
329,535;1188,65
329,635;1188,65
329,735;1188,65
329,836;1188,65
329,935;1188,65
330,035;1188,65
330,134;1188,65
330,237;1188,65
330,334;1188,65
330,435;1188,65
330,535;1188,65
330,635;1188,65
330,735;1188,65
330,836;1188,65
330,934;1180,17
331,036;1180,17
331,135;1180,17
331,229;1180,17
331,338;1180,17
331,434;1180,17
331,535;1180,17
331,636;1180,17
331,732;1180,17
331,836;1180,17
331,934;1180,17
332,037;1180,17
332,135;1180,17
332,234;1180,17
332,335;1180,17
332,435;1163,63
332,533;1180,17
332,637;1180,17
332,735;1180,17
332,835;1180,17
332,935;1180,17
333,034;1163,63
333,132;1163,63
333,234;1180,17
333,334;1180,17
333,435;1163,63
333,533;1155,26
333,628;1155,26
333,736;1155,26
333,834;1155,26
333,934;1155,26
334,034;1155,26
334,134;1155,26
334,235;1155,26
334,334;1155,26
334,433;1155,26
334,533;1155,26
334,636;1155,26
334,733;1155,26
334,835;1155,26
334,934;1155,26
335,033;1146,94
335,132;1146,94
335,234;1146,94
335,333;1130,72
335,433;1130,72
335,532;1146,94
335,635;1155,26
335,732;1130,72
335,835;1130,72
335,933;1130,72
336,033;1130,72
336,134;1130,72
336,235;1130,72
336,333;1130,72
336,433;1130,72
336,533;1130,72
336,636;1130,72
336,731;1130,72
336,833;1130,72
336,934;1130,72
337,033;1130,72
337,132;1130,72
337,236;1130,72
337,333;1130,72
337,432;1130,72
337,533;1130,72
337,634;1122,51
337,733;1122,51
337,832;1122,51
337,932;1130,72
338,033;1122,51
338,128;1122,51
338,234;1122,51
338,332;1122,51
338,433;1122,51
338,532;1122,51
338,633;1122,51
338,733;1122,51
338,834;1122,51
338,932;1122,51
339,034;1122,51
339,133;1122,51
339,235;1122,51
339,331;1122,51
339,433;1122,51
339,532;1122,51
339,633;1122,51
339,733;1122,51
339,834;1122,51
339,932;1125,63
340,026;1125,63
340,13;1125,63
340,235;1122,51
340,332;1125,63
340,425;1125,63
340,533;1125,63
340,619;1125,63
340,736;1125,63
340,825;1125,63
340,933;1125,63
341,034;1125,63
341,128;1125,63
341,228;1125,63
341,334;1125,63
341,425;1125,63
341,535;1125,63
341,623;1125,63
341,736;1125,63
341,823;1125,63
341,934;1125,63
342,03;1125,63
342,129;1125,63
342,225;1125,63
342,334;1125,63
342,424;1125,63
342,533;1125,63
342,619;1125,63
342,735;1125,63
342,827;1125,63
342,934;1125,63
343,024;1125,63
343,127;1125,63
343,224;1125,63
343,334;1125,63
343,424;1125,63
343,535;1125,63
343,619;1125,63
343,734;1125,63
343,833;1125,63
343,932;1125,63
344,026;1125,63
344,127;1125,63
344,231;1125,63
344,332;1125,63
344,427;1125,63
344,533;1125,63
344,618;1125,63
344,735;1125,63
344,822;1125,63
344,934;1125,63
345,031;1125,63
345,132;1150,11
345,226;1150,11
345,332;1125,63
345,429;1125,63
345,532;1125,63
345,618;1150,11
345,735;1150,11
345,825;1150,11
345,932;1150,11
346,028;1150,11
346,118;1150,11
346,235;1150,11
346,33;1150,11
346,425;1150,11
346,534;1150,11
346,619;1150,11
346,735;1150,11
346,824;1150,11
346,932;1150,11
347,018;1150,11
347,132;1150,11
347,221;1150,11
347,334;1150,11
347,425;1150,11
347,532;1150,11
347,616;1150,11
347,733;1150,11
347,831;1150,11
347,931;1150,11
348,032;1158,45
348,125;1158,45
348,228;1158,45
348,331;1158,45
348,425;1174,94
348,53;1174,94
348,62;1174,94
348,734;1174,94
348,825;1174,94
348,932;1174,94
349,03;1174,94
349,125;1174,94
349,229;1174,94
349,331;1174,94
349,422;1174,94
349,533;1183,4
349,621;1183,4
349,731;1183,4
349,817;1174,94
349,932;1200,12
350,023;1200,12
350,13;1200,12
350,228;1200,12
350,331;1200,12
350,426;1200,12
350,531;1200,12
350,62;1200,12
350,732;1200,12
350,83;1208,7
350,928;1208,7
351,029;1200,12
351,125;1208,7
351,228;1200,12
351,329;1208,7
351,42;1208,7
351,533;1208,7
351,618;1208,7
351,73;1208,7
351,828;1208,7
351,929;1208,7
352,027;1208,7
352,128;1208,7
352,231;1208,7
352,33;1208,7
352,427;1208,7
352,531;1208,7
352,616;1208,7
352,731;1208,7
352,828;1208,7
352,929;1208,7
353,025;1208,7
353,125;1208,7
353,22;1208,7
353,333;1208,7
353,426;1208,7
353,531;1208,7
353,619;1217,32
353,731;1208,7
353,826;1208,7
353,929;1208,7
354,025;1208,7
354,125;1208,7
354,225;1217,32
354,33;1208,7
354,424;1208,7
354,532;1217,32
